psoda,pfries,pentree,wagest,nmgrs,nregs,hrsopen,emp,psoda2,pfries2,pentree2,wagest2,nmgrs2,nregs2,hrsopen2,emp2,compown,chain,density,crmrte,state,prpblck,prppov,prpncar,hseval,nstores,income,county,lpsoda,lpfries,lhseval,lincome,ldensity,NJ,BK,KFC,RR
1.12,1.0599999,1.02,4.25,3,5,16,27.5,1.11,1.11,1.05,5.0500002,5,5,15,27,1,3,4030,.052886602,1,.1711542,.036578901,.078842796,148300,3,44534,18,.11332869,.058268853,11.906993,10.704008,8.3015213,1,0,0,1
1.0599999,.91000003,.94999999,4.75,3,3,16.5,21.5,1.05,.88999999,.94999999,5.0500002,4,3,17.5,24.5,0,1,4030,.052886602,1,.1711542,.036578901,.078842796,148300,3,44534,18,.058268853,-.094310649,11.906993,10.704008,8.3015213,1,1,0,0
1.0599999,.91000003,.98000002,4.25,3,5,18,30,1.05,.94,.98000002,5.0500002,4,5,17.5,25,0,1,11400,.0360003,1,.0473602,.087907203,.2694298,169200,3,41164,12,.058268853,-.094310649,12.038836,10.625319,9.3413687,1,1,0,0
1.12,1.02,1.0599999,5,4,5,16,27.5,1.15,1.05,1.05,5.0500002,4,5,16,,0,3,8345,.048423201,1,.052839398,.0591227,.1366903,171600,3,50366,10,.11332869,.019802609,12.052921,10.827071,9.029418,1,0,0,1
1.12,,.49000001,5,3,3,16,5,1.04,1.01,.57999998,5.0500002,3,3,16,12,0,1,720,.061588999,1,.034480002,.0254145,.073802002,249100,1,72287,10,.11332869,,12.42561,11.188399,6.5792513,1,1,0,0
1.0599999,.94999999,1.01,4.25,4,4,15,17.5,1.05,.94,1,5.0500002,3,4,15,28,0,1,4424,.033482298,1,.059132699,.083500102,.1151341,148000,2,44515,18,.058268853,-.051293306,11.904967,10.703582,8.3947992,1,1,0,0
1.17,.94999999,.94999999,4.6500001,3,2,16,22.5,1.05,.94,.94,5.0500002,3,2,16,18.5,0,1,2678,.031029601,1,.0186773,.029234899,.050185401,212700,1,62056,10,.15700372,-.051293306,12.267638,11.035792,7.8928256,1,1,0,0
1.17,1.02,1.0599999,4.5,3,5,17,18.5,1.11,1.0599999,1.05,5.0500002,3,5,16,17,1,3,6405,.041900098,1,.0049060001,.033759899,.082710497,198800,1,53655,24,.15700372,.019802609,12.200054,10.89033,8.7648344,1,0,0,1
1.1799999,1.02,1.0599999,,4,4,17,17,1.1,1.01,.99000001,5.0500002,4,4,18,34,0,1,18388,.094545402,1,.92105591,.2036816,.391949,103800,5,31314,10,.16551439,.019802609,11.550221,10.351821,9.8194532,1,1,0,0
1.17,1.12,1.02,4.25,3,5,18,27,1.11,1.12,1.05,5.0500002,6,5,17,22,1,3,18388,.094545402,1,.92105591,.2036816,.391949,103800,5,31314,10,.15700372,.11332869,11.550221,10.351821,9.8194532,1,0,0,1
1.0599999,1.02,2.3399999,4.75,3,5,12,11,1.05,1.05,2.3199999,5.0500002,5,5,12,32.5,1,2,18388,.094545402,1,.92105591,.2036816,.391949,103800,5,31314,10,.058268853,.019802609,11.550221,10.351821,9.8194532,1,0,1,0
1.0599999,1.05,1.0599999,4.5,4,2,15.5,20,1.11,1.09,2.0699999,5.0500002,4,2,15.5,20,0,4,18388,.094545402,1,.92105591,.2036816,.391949,103800,5,31314,10,.058268853,.04879012,11.550221,10.351821,9.8194532,1,0,0,0
1.05,.94999999,2.74,4.25,3,5,13.5,17,1.05,.83999997,2.3199999,5.0500002,2,5,12.5,9.5,0,2,11401,.14823,1,.92105591,.2036816,.391949,103800,5,31314,10,.04879012,-.051293306,11.550221,10.351821,9.3414564,1,0,1,0
1.17,1.0599999,1.17,4.3499999,4,,15,7.5,,,,,0,,,0,1,1,12627,.0304465,1,.0139109,.084539898,.2272727,191300,1,38569,2,.15700372,.058268853,12.161598,10.560205,9.443593,1,1,0,0
1.15,.94999999,.94999999,4.5,2,2,16,8,1.16,1.01,1.05,5.0500002,2,2,16,8,0,1,12799,.037534799,1,.0102124,.0598162,.1416858,282800,2,60657,2,.13976192,-.051293306,12.552495,11.01299,9.4571218,1,1,0,0
1.27,1.17,1.1,5,4,4,16.5,20,1.37,1.16,1.16,5.0500002,5,4,16.5,22.5,0,1,12799,.037534799,1,.0102124,.0598162,.1416858,282800,2,60657,2,.23901689,.15700372,12.552495,11.01299,9.4571218,1,1,0,0
1.0599999,.91000003,.98000002,5.5599999,4,5,16,37.5,1.01,.94,.94,5.0500002,4,5,16,20,0,1,6039,.031700999,1,.0060903998,.038650699,.0757396,167700,2,47891,28,.058268853,-.094310649,12.029932,10.776683,8.7059937,1,1,0,0
1.0599999,.98000002,1.0599999,4.6199999,3,2,12.5,16.5,1.05,.88999999,2.1099999,5.1399999,3,2,12.5,22,0,4,11187,.050875202,1,.0035406,.1118771,.2258587,138000,1,36705,12,.058268853,-.020202687,11.835009,10.510668,9.3225079,1,0,0,0
1.0599999,.91000003,.98000002,4.25,5,4,16,24,1.05,.89999998,1.04,5.0500002,4,4,16,19,0,1,3750,.0607903,1,.0104519,.060848899,.1745955,166500,1,43022,12,.058268853,-.094310649,12.022751,10.669467,8.2295113,1,1,0,0
1.2,1.02,1.02,5.5,3,5,13.5,19,1.11,1.11,1.05,5.0500002,4,5,13,14,0,3,1901,.034010999,1,.0073866001,.0135908,.0190736,245400,3,79025,10,.18232159,.019802609,12.410645,11.277519,7.5501351,1,0,0,1
.94999999,.94999999,1.0599999,4.5,3,4,13.5,23,1.01,.94,.94,5.5,3,4,13.5,27.5,0,1,1901,.034010999,1,.0073866001,.0135908,.0190736,245400,3,79025,10,-.051293306,-.051293306,12.410645,11.277519,7.5501351,1,1,0,0
1.11,.94999999,1.01,4.25,4,2,16,17.5,.94,.94,1,5.0500002,4,2,15.5,17.5,0,1,5413,.051865902,1,.120063,.032298699,.073536903,198800,1,65296,10,.10436003,-.051293306,12.200054,11.086686,8.5965586,1,1,0,0
1.02,1.02,.94999999,,3,3,16,,.89999998,.94999999,.94999999,5.0500002,4,3,16,19,0,1,6085,.055474602,1,.4336102,.076527499,.150848,245900,1,56893,10,.019802609,.019802609,12.412681,10.948928,8.713582,1,1,0,0
1.0599999,.98000002,1.0599999,5,3,,14,17,1.11,1.09,2.0699999,5.0500002,6,,12.5,17.5,0,4,8966,.052732699,1,.022127001,.092750497,.23658679,173500,3,40719,12,.058268853,-.020202687,12.063932,10.61445,9.1011953,1,0,0,0
1.27,1.01,1.0599999,4.25,4,3,17,21,1.37,1.02,1.05,5.0500002,5,3,17,23,0,1,8966,.052732699,1,.022127001,.092750497,.23658679,173500,3,40719,12,.23901689,.0099503212,12.063932,10.61445,9.1011953,1,1,0,0
1.17,.94999999,.85000002,4.75,6,2,16,16,1.37,.94999999,2.03,5.0500002,6,2,16,17,0,4,13602,.1087385,1,.69636512,.1611239,.26042259,119300,1,33306,10,.15700372,-.051293306,11.689397,10.413493,9.517972,1,0,0,0
1.1799999,1.02,1.0599999,5.0999999,3,6,17,32.5,1.1,1,1.05,5.0500002,3,6,17,22.5,1,3,3232,.046390299,1,.0557306,.0403421,.075137801,201600,2,59266,10,.16551439,.019802609,12.214041,10.989791,8.0808563,1,0,0,1
1.0599999,.94999999,.94999999,4.75,3,3,16,21,1.05,.94999999,.94999999,5.0500002,4,3,15,23,0,1,3232,.046390299,1,.0557306,.0403421,.075137801,201600,2,59266,10,.058268853,-.051293306,12.214041,10.989791,8.0808563,1,1,0,0
1.17,.94999999,1.02,5.1199999,4,3,15,42.5,1.16,.94,.94,5.0500002,5,3,15,18.75,0,1,1995,.0288791,1,.032352298,.026696,.063924797,218600,3,57424,21,.15700372,-.051293306,12.294999,10.958218,7.5983992,1,1,0,0
1.0599999,.88999999,1.0599999,5,3,2,12.5,25,1.05,.98000002,1.05,5.0500002,4,2,12.5,18.5,0,4,1995,.0288791,1,.032352298,.026696,.063924797,218600,3,57424,21,.058268853,-.11653383,12.294999,10.958218,7.5983992,1,0,0,0
1.12,1.02,1.0599999,5,4,7,17,20.5,1.11,1.0599999,1.05,5.0500002,4,7,17,32,1,3,1995,.0288791,1,.032352298,.026696,.063924797,218600,3,57424,21,.11332869,.019802609,12.294999,10.958218,7.5983992,1,0,0,1
1.1,.97000003,1.17,4.25,,4,18,29,1.11,1.01,1.09,5.0500002,4,4,18,20,1,1,18138,.067245603,1,.2046583,.1691744,.30424401,163000,2,30877,24,.095310204,-.030459179,12.001506,10.337767,9.8057642,1,1,0,0
1.1,1.02,1.0599999,5.25,3,6,17,30,1.11,1.0599999,1.05,5.0500002,3,6,16,17,1,3,822,.020512801,1,.0050960998,.0085348999,.0102362,292400,1,82797,21,.095310204,.019802609,12.585878,11.324147,6.7117405,1,0,0,1
1.0599999,1.01,2.5599999,4.5,2,3,11,3.5,1.05,1.05,2.6400001,5.0500002,3,3,11,6.5,0,2,7761,.075933598,1,.35989511,.093170099,.1330847,175600,5,47738,28,.058268853,.0099503212,12.075964,10.773483,8.9568663,1,0,1,0
1.0599999,1.17,2.5599999,4.5,1,3,10,7,,1.05,2.6400001,,3,3,10,7,0,2,6970,.073060602,1,.35989511,.093170099,.1330847,175600,5,47738,26,.058268853,.15700372,12.075964,10.773483,8.849371,1,0,1,0
1.12,1.02,1.0599999,4.9499998,3,5,11.5,12.5,1.22,1.11,.73000002,5.0500002,3,5,11.5,14.5,1,3,6970,.073060602,1,.35989511,.093170099,.1330847,175600,5,47738,26,.11332869,.019802609,12.075964,10.773483,8.849371,1,0,0,1
.95999998,.94999999,2.1300001,4.5,4,2,11.5,28.25,1.03,,,5.0500002,3,2,11.5,22,0,4,7761,.075933598,1,.63680297,.081668898,.1053588,142300,1,48209,28,-.040822018,-.051293306,11.865693,10.783301,8.9568663,1,0,0,0
1.12,1,1.02,4.3499999,3,5,17,27.5,1.05,1.05,1.05,5.0500002,3,5,16,29.5,1,3,3229,.0203021,1,.0048806998,.0182062,.0475192,196500,3,53961,28,.11332869,0,12.188417,10.896017,8.0799274,1,0,0,1
1.0599999,.94999999,1.01,5.3000002,4,3,16,13,1.05,.94,1,5.0500002,6,3,16,8.5,1,1,3229,.0203021,1,.0048806998,.0182062,.0475192,196500,3,53961,28,.058268853,-.051293306,12.188417,10.896017,8.0799274,1,1,0,0
1.1,.95999998,1.1,5,4,6,18.5,14,1.05,.99000001,1.03,5.0500002,4,6,19,27.5,1,1,6842,.0252389,1,.031984299,.0367507,.094703801,209100,2,55878,2,.095310204,-.040822018,12.250567,10.930926,8.8308353,1,1,0,0
1.1799999,1.0700001,1.17,5,4,6,19,31,1.0599999,1.0599999,1.05,5.0500002,3,6,19,34,0,3,6842,.0252389,1,.031984299,.0367507,.094703801,209100,2,55878,2,.16551439,.0676587,12.250567,10.930926,8.8308353,1,0,0,1
1.09,1.12,1.0599999,5.0500002,,4,18,28.5,1.11,1.0599999,1.05,5.0500002,3,4,16,22.5,1,3,3885,.045011502,1,.0046135001,.038405001,.1214642,174600,1,47113,2,.086177729,.11332869,12.070253,10.760304,8.2648783,1,0,0,1
1.01,.94999999,1.03,5,4,6,15.5,20,1.1,.94,1.02,5.0500002,4,6,15.5,25.5,1,1,1687,.050763201,1,.0032339001,.023414999,.039215699,186800,1,41196,2,.0099503212,-.051293306,12.137794,10.626097,7.430707,1,1,0,0
1.12,1.02,1.0599999,4.5,3,4,11.5,20.25,1.22,1.11,2.28,5.0500002,3,4,11.5,14.5,0,3,2300,.0231569,1,.13147201,.018258199,.039074201,205000,2,62927,28,.11332869,.019802609,12.230765,11.04973,7.7406645,1,0,0,1
1.0700001,1.02,.74000001,4.5,3,6,16.5,19.5,1.11,1.0599999,1.05,5.0500002,3,6,15.5,18,1,3,1863,.038003199,1,.0131481,.0155316,.0197224,473400,1,136529,10,.0676587,.019802609,13.067696,11.824292,7.5299435,1,0,0,1
1.0599999,.94999999,.94999999,4.5,3,3,16,12.5,1.05,.94,.94,5.0500002,3,3,16.5,21,0,1,2499,.053638499,1,.066887498,.0278037,.0266369,161300,3,54216,18,.058268853,-.051293306,11.991021,10.900731,7.8236461,1,1,0,0
1.02,1.0700001,.94999999,5,4,4,17,22,1.11,1.0599999,1.05,5.0500002,5,4,17,11.5,0,3,2499,.053638499,1,.066887498,.0278037,.0266369,161300,3,54216,18,.019802609,.0676587,11.991021,10.900731,7.8236461,1,0,0,1
1.02,.94999999,1.04,4.25,1,4,16,13.5,1.11,1.11,1.03,5.0500002,3,4,15,,0,1,2581,.030253399,1,.0318239,.025715601,.070923202,216500,1,58339,5,.019802609,-.051293306,12.285346,10.974026,7.8559322,1,1,0,0
1.0599999,.85000002,2.3399999,5,5,3,10.5,14,.94,.83999997,2.3199999,5.0500002,1,3,10.5,5.5,1,2,5558,.064469099,1,.0362969,.033493102,.1021236,176800,4,50968,12,.058268853,-.1625189,12.082774,10.838953,8.6229935,1,0,1,0
1.02,,1.0599999,,3,,17,22.5,1.11,1.05,1.05,5.0500002,3,,18,16,1,3,5558,.064469099,1,.0362969,.033493102,.1021236,176800,4,50968,12,.019802609,,12.082774,10.838953,8.6229935,1,0,0,1
1.0599999,.94999999,.94999999,4.75,3,3,16.5,12.5,1.05,.94,.94,5.0500002,4,3,18,,0,1,5558,.064469099,1,.0362969,.033493102,.1021236,176800,4,50968,12,.058268853,-.051293306,12.082774,10.838953,8.6229935,1,1,0,0
1.0599999,.94999999,.94999999,4.25,3,2,16,17.5,1.05,.94999999,.94999999,5.0500002,3,2,16,14.5,0,1,41437,.060522001,1,.0485866,.1676967,.38279891,165400,3,29319,12,.058268853,-.051293306,12.016122,10.285991,10.631929,1,1,0,0
1.17,1.0599999,1.01,4.25,3,5,16,24,1.16,1.16,1,5.0500002,3,5,16,27.25,0,3,41437,.060522001,1,.0485866,.1676967,.38279891,165400,3,29319,12,.15700372,.058268853,12.016122,10.285991,10.631929,1,0,0,1
1.0599999,1.0599999,2.53,5,2,2,10,8,.94,.92000002,2.6900001,5.0500002,2,2,10,5.5,0,2,4441,.0250779,1,.042439099,.016579799,.0401912,248500,1,76689,28,.058268853,.058268853,12.423198,11.247514,8.3986349,1,0,1,0
.95999998,1,1.03,4.25,4,4,16.5,20,1.05,.99000001,1.16,5.0500002,4,4,16.5,22.5,0,1,41437,.060522001,1,.0392887,.1583852,.39587,160300,3,30587,2,-.040822018,0,11.984802,10.32833,10.631929,1,1,0,0
1.17,.94999999,.94999999,4.25,3,4,14.5,11.5,,1.01,1,5.0500002,2,4,14,18.5,1,1,2424,.087973803,1,.023540299,.051843502,.1062685,210800,2,59397,12,.15700372,-.051293306,12.258665,10.991999,7.7931743,1,1,0,0
1.12,1.0700001,1.0599999,,2,6,11.5,17.25,1.21,1.01,.94,5.0500002,3,6,11.5,18.5,1,3,4030,.052886602,1,.042239401,.047436099,.0859714,155300,4,48350,18,.11332869,.0676587,11.953114,10.786222,8.3015213,1,0,0,1
,1.12,1.12,4.25,5,6,12.5,20,1.15,.94,1.15,5.0500002,6,6,12.5,35,0,1,4030,.052886602,1,.042239401,.047436099,.0859714,155300,4,48350,18,,.11332869,11.953114,10.786222,8.3015213,1,1,0,0
1.0599999,.94999999,1.0599999,4.25,4,2,11.5,32.5,1.01,.88999999,1.26,5.0500002,5,2,11.5,55.5,0,4,4030,.052886602,1,.042239401,.047436099,.0859714,155300,4,48350,18,.058268853,-.051293306,11.953114,10.786222,8.3015213,1,0,0,0
1.02,1.01,.51999998,4.25,4,3,15,37.5,1.03,.89999998,.58999997,5.0500002,4,3,16,17.5,0,1,11401,.14823,1,.65992379,.32923591,.62723762,132300,3,20323,10,.019802609,.0099503212,11.792828,9.9195089,9.3414564,1,1,0,0
1.0599999,.85000002,2.3399999,4.75,3,5,11,6.75,1.05,.94,2.3199999,5.25,4,5,14,13.5,1,2,11401,.14823,1,.89916152,.41847971,.61664248,71100,1,15919,10,.058268853,-.1625189,11.171843,9.6752682,9.3414564,1,0,1,0
1.0599999,.85000002,2.3399999,4.25,4,4,11,8,1.05,.83999997,2.53,5.0500002,2,4,11,7.5,1,2,11401,.14823,1,.21426301,.27036461,.43111891,146800,3,24773,10,.058268853,-.1625189,11.896827,10.11751,9.3414564,1,0,1,0
1.12,1.02,1.0599999,4.25,5,4,17,18,1.11,1.01,1.05,5.0500002,3,4,17,10,0,1,11401,.14823,1,.21426301,.27036461,.43111891,146800,3,24773,10,.11332869,.019802609,11.896827,10.11751,9.3414564,1,1,0,0
1.05,.94,1.0700001,4.25,3,3,16,18,1.11,1.09,1,5.0500002,4,3,16,21.5,1,1,11401,.14823,1,.062750801,.1446121,.30510759,117600,2,32241,10,.04879012,-.061875407,11.675044,10.380994,9.3414564,1,1,0,0
1.0599999,.85000002,2.3399999,4.75,3,4,11,3.5,1.01,.83999997,2.3199999,5.0500002,6,4,11,10,0,2,11401,.14823,1,.062750801,.1446121,.30510759,117600,2,32241,10,.058268853,-.1625189,11.675044,10.380994,9.3414564,1,0,1,0
1.0599999,.94999999,1.11,4.25,5,4,16,18,1.15,.94999999,1.13,5.0500002,4,4,16,17.5,0,1,11401,.14823,1,.4554334,.27220419,.45812649,95400,3,24189,10,.058268853,-.051293306,11.465834,10.093654,9.3414564,1,1,0,0
1.0599999,.85000002,2.3399999,4.9499998,2,3,12,7,1.05,.83999997,2.3199999,5.25,3,3,11,20.75,1,2,11401,.14823,1,.4554334,.27220419,.45812649,95400,3,24189,10,.058268853,-.1625189,11.465834,10.093654,9.3414564,1,0,1,0
1.1799999,1.02,1.0599999,4.25,5,6,19,19.5,1.11,1.05,1.05,5.0500002,3,6,18,17.5,1,3,11401,.14823,1,.96246183,.32798409,.51726568,81300,1,21790,10,.16551439,.019802609,11.305902,9.9892063,9.3414564,1,0,0,1
1.12,1.02,1.02,4.25,4,6,17,24,1.11,1.0599999,1.05,5.0500002,6,6,16.5,32.5,1,3,6405,.041900098,1,.035448998,.051643301,.1320658,161800,3,44883,24,.11332869,.019802609,11.994116,10.711814,8.7648344,1,0,0,1
1.0599999,.98000002,2.03,4.75,3,2,12.5,11,1.11,1.09,2.0699999,5.0500002,3,2,12.5,17.5,0,4,10368,.050770201,1,.035448998,.051643301,.1320658,161800,3,44883,10,.058268853,-.020202687,11.994116,10.711814,9.246479,1,0,0,0
1.02,.94999999,.94999999,4.25,3,3,17,12.5,1.05,.94,.94,5.0500002,3,3,17,23.5,0,1,7970,.025240799,1,.0144769,.049851,.087439597,185300,1,51451,10,.019802609,-.051293306,12.129731,10.848385,8.9834394,1,1,0,0
1.0599999,.85000002,2.3399999,4.6199999,8,4,13,25,1.05,.83999997,2.3199999,5.0500002,8,4,13,28.5,1,2,21792,.1247829,1,.69825047,.1237119,.29287419,116600,2,35832,10,.058268853,-.1625189,11.666505,10.486597,9.9892979,1,0,1,0
1.0599999,.85000002,2.3399999,5,2,3,11.5,7,1.05,.83999997,2.3199999,5.0500002,2,3,11.5,12,1,2,9410,.0881439,1,.37249011,.19349951,.2507019,117300,3,28417,28,.058268853,-.1625189,11.67249,10.254743,9.1495285,1,0,1,0
1.1900001,1.1900001,1.0599999,4.25,4,5,18,26.25,1.26,,1.05,5.1999998,6,5,24,37.5,1,3,9410,.0881439,1,.37249011,.19349951,.2507019,117300,3,28417,28,.17395335,.17395335,11.67249,10.254743,9.1495285,1,0,0,1
.91000003,.91000003,1.9400001,4.25,4,2,11.5,14,.97000003,.89999998,2.0599999,5.0500002,3,2,11.5,14.5,0,4,9410,.0881439,1,.0881337,.1346107,.2439099,133700,2,31887,28,-.094310649,-.094310649,11.803353,10.369954,9.1495285,1,0,0,0
1.27,1.27,2.24,4.5,3,5,17,20,1.4,1.29,1.05,5.0500002,4,5,24,17.5,0,3,7524,.0487349,1,.3865509,.050463699,.13482849,139500,1,46803,28,.23901689,.23901689,11.845819,10.753702,8.9258528,1,0,0,1
1.0599999,.91000003,.98000002,4.25,3,3,16,16.5,1.05,.94,.98000002,5.0500002,4,3,16,30,1,1,9850,.0254588,1,.0067308,.033497699,.073532298,159800,2,50665,28,.058268853,-.094310649,11.981678,10.832991,9.1952267,1,1,0,0
1.0599999,.94999999,.94999999,,3,3,16,17.5,1.05,.94,.94,5.0500002,3,3,16,17.5,0,1,7794,.078882299,1,.40581441,.060089301,.099037901,138500,2,46966,28,.058268853,-.051293306,11.838626,10.757179,8.9611092,1,1,0,0
1.27,1.27,1.0599999,4.3899999,3,5,17,10,1.37,1.3099999,1.05,5.0500002,4,5,18,16,1,3,9410,.0881439,1,.1115545,.1091816,.2028275,167200,2,37367,28,.23901689,.23901689,12.026946,10.528543,9.1495285,1,0,0,1
.91000003,.91000003,1.0599999,,4,2,11.5,15,1.01,.94999999,1.05,5.0500002,3,2,11.5,50,0,4,9410,.0881439,1,.1115545,.1091816,.2028275,167200,2,37367,28,-.094310649,-.094310649,12.026946,10.528543,9.1495285,1,0,0,0
1.17,.94999999,.63,4.25,4,3,19,37,1.15,.94999999,.63999999,5.0500002,4,3,19,18.5,0,1,15600,.089775398,1,.47661379,.2363158,.43074891,123400,3,29740,12,.15700372,-.051293306,11.723186,10.300248,9.6550264,1,1,0,0
1.0599999,.85000002,2.3399999,4.75,4,5,12,13,1.05,.83999997,2.3199999,5.1999998,2,5,12,11.5,1,2,15600,.089775398,1,.47661379,.2363158,.43074891,123400,3,29740,12,.058268853,-.1625189,11.723186,10.300248,9.6550264,1,0,1,0
1.1900001,.94,.85000002,4.6199999,4,5,17,28,1.0599999,1.0599999,1.05,5.0500002,3,5,14,21,1,3,15600,.089775398,1,.53318989,.1597511,.32406259,124600,2,35731,12,.17395335,-.061875407,11.732863,10.483774,9.6550264,1,0,0,1
1.17,.94999999,.94999999,4.25,4,5,18,22,1.11,1.0599999,1.05,5.0500002,4,5,16,24.5,1,3,15600,.089775398,1,.53318989,.1597511,.32406259,124600,2,35731,12,.15700372,-.051293306,11.732863,10.483774,9.6550264,1,0,0,1
1.0599999,.94999999,.94999999,4.5,2,4,11.5,9.5,,,,5.0500002,3,4,11,7,1,4,15600,.089775398,1,.15202729,.20417979,.4508839,116000,3,30577,12,.058268853,-.051293306,11.661345,10.328003,9.6550264,1,0,0,0
1.0599999,.94999999,.94999999,4.25,2,3,17,15,1.05,.94999999,.94999999,5.0500002,3,3,17,21,0,1,15600,.089775398,1,.15202729,.20417979,.4508839,116000,3,30577,12,.058268853,-.051293306,11.661345,10.328003,9.6550264,1,1,0,0
1.0599999,1,1.0599999,4.25,4,3,17.5,14.25,1.05,.99000001,1.05,5.0500002,3,3,17.5,18.75,0,1,15600,.089775398,1,.046298102,.15092,.371198,131800,2,34443,12,.058268853,0,11.789041,10.447062,9.6550264,1,1,0,0
1.0599999,1.02,.94999999,4.5,3,3,17,16.5,1.05,.94999999,.94999999,5.0500002,3,3,17,27,0,1,15600,.089775398,1,.046298102,.15092,.371198,131800,2,34443,12,.058268853,.019802609,11.789041,10.447062,9.6550264,1,1,0,0
1.0599999,.94999999,1.02,4.5,5,3,16,45,1.05,.94999999,1.01,5.0500002,5,3,16,25,0,1,3752,.0273268,1,.0039605,.0262524,.0316048,222500,1,64818,21,.058268853,-.051293306,12.312682,11.079339,8.2300444,1,1,0,0
1.04,1.12,1.02,4.25,3,4,16,17.5,1.1900001,.98000002,1.01,5.0500002,3,4,16,17.5,0,1,1131,.037773799,1,.00075100001,.063978799,.0733945,128200,2,42755,27,.039220676,.11332869,11.761347,10.663241,7.0308576,1,1,0,0
1.12,1.02,1.02,5,3,5,17,18,1.11,1.01,1.05,5.0500002,2,5,16,16,1,3,4034,.072693497,1,.0166947,.034431402,.067325599,190900,4,51848,24,.11332869,.019802609,12.159505,10.856071,8.3025141,1,0,0,1
1.0599999,1.03,1.0599999,5,3,2,13.5,15.25,1.11,.98000002,1.05,5.0500002,4,2,13.5,29,0,4,4034,.072693497,1,.0166947,.034431402,.067325599,190900,4,51848,24,.058268853,.029558774,12.159505,10.856071,8.3025141,1,0,0,0
,,,4.25,3,3,17,23,1.16,1.22,.41,5.0500002,3,3,17,22,0,1,697,.0236247,1,.031872999,.035029002,.025974,275900,3,64367,2,,,12.527794,11.072356,6.5467854,1,1,0,0
1.27,1.04,1.12,4.8699999,3,7,17,17,1.26,1.08,1.05,5.0500002,4,7,16,27,1,3,697,.0236247,1,.031872999,.035029002,.025974,275900,3,64367,2,.23901689,.039220676,12.527794,11.072356,6.5467854,1,0,0,1
1.27,1.0700001,2.1300001,4.8699999,4,5,17,32,1.11,1.05,1.05,5.4000001,3,5,16,23,1,3,4170,.0191571,1,0,.0361626,.037531301,217400,2,56380,2,.23901689,.0676587,12.289495,10.93987,8.3356714,1,0,0,1
1.0599999,1.02,.94999999,5,4,4,16,23.5,,,,5.25,5,4,16,22,0,1,4170,.0191571,1,0,.0361626,.037531301,217400,2,56380,2,.058268853,.019802609,12.289495,10.93987,8.3356714,1,1,0,0
1.02,.80000001,,5.25,4,3,15,30,1.05,.94,1.01,5.5,4,3,15,12.5,0,1,1318,.0130866,1,.0115862,.0152639,.015613,215100,1,66569,2,.019802609,-.22314353,12.278858,11.105994,7.1838708,1,1,0,0
1.0599999,.94999999,.94999999,4.8499999,3.3,3,16,25.75,,,,5.0500002,3,3,16,28.5,0,1,4759,.016501,1,.0047324998,.0277091,.033303101,203100,1,61487,2,.058268853,-.051293306,12.221454,11.026581,8.4677925,1,1,0,0
1.0599999,.94999999,.94999999,4.5,3,3,16,27.5,1.05,.94999999,.94999999,5.0500002,3,3,16,19.5,0,1,1889,.056735799,1,.0099892998,.022906199,.0320464,241800,7,65000,24,.058268853,-.051293306,12.395866,11.082143,7.5438027,1,1,0,0
1.0599999,.98000002,1.0599999,4.25,,2,11.5,14.5,1.12,.98000002,.99000001,5.0500002,3,2,12.5,18,0,4,1889,.056735799,1,.0099892998,.022906199,.0320464,241800,7,65000,24,.058268853,-.020202687,12.395866,11.082143,7.5438027,1,0,0,0
1.0599999,.98000002,1.0599999,5,3,2,12,31.5,1.11,.98000002,2.0699999,5.0500002,4,2,11.5,22.5,0,4,1889,.056735799,1,.0099892998,.022906199,.0320464,241800,7,65000,24,.058268853,-.020202687,12.395866,11.082143,7.5438027,1,0,0,0
1.17,1.0599999,1.17,4.5,6,3,13.5,12.5,1.3200001,1.05,1.22,5.0500002,5,3,13.5,12.75,0,1,1889,.056735799,1,.0099892998,.022906199,.0320464,241800,7,65000,24,.15700372,.058268853,12.395866,11.082143,7.5438027,1,1,0,0
1.0599999,.94999999,.94999999,4.25,3,3,17,24,1.05,.94999999,.94999999,5.0500002,4,3,17,31,0,1,1889,.056735799,1,.0099892998,.022906199,.0320464,241800,7,65000,24,.058268853,-.051293306,12.395866,11.082143,7.5438027,1,1,0,0
1.0599999,.98000002,2.1300001,5,2,2,13.5,22.5,1.11,.88999999,.99000001,5.0500002,4,2,14,,0,4,1889,.056735799,1,.0099892998,.022906199,.0320464,241800,7,65000,24,.058268853,-.020202687,12.395866,11.082143,7.5438027,1,0,0,0
1.0599999,.85000002,1.11,4.8000002,4,,15.5,10,,,,5.0500002,3,,,,0,1,16693,.074667603,1,.3694827,.28513449,.43033999,107000,1,21978,24,.058268853,-.1625189,11.580585,9.997797,9.7227449,1,1,0,0
1.17,.94999999,.94999999,4.25,3,4,18,13.5,1.26,1.01,1,5.0500002,3,4,18,13.5,0,1,16693,.074667603,1,.54225761,.1285608,.2276589,142200,2,31639,24,.15700372,-.051293306,11.86499,10.362145,9.7227449,1,1,0,0
1.0599999,1.0599999,2.45,4.25,3,3,12,3.5,1.05,1.05,2.4300001,5.0500002,3,3,11,14,0,2,16693,.074667603,1,.48590121,.2214113,.30240551,111100,1,26039,24,.058268853,.058268853,11.618186,10.167351,9.7227449,1,0,1,0
1.12,1.02,1.0599999,4.75,3,4,16,16,1.11,1.05,1.05,5.0500002,2,4,15,19.5,1,3,9262,.060946301,1,.2498173,.069849201,.1487301,186900,6,46255,2,.11332869,.019802609,12.138329,10.741925,9.1336756,1,0,0,1
1.17,1.17,1.38,5.75,2,1,10.5,10,1.05,1.16,2.3199999,5.5,3,1,10.5,11.5,1,4,9262,.060946301,1,.2498173,.069849201,.1487301,186900,6,46255,2,.15700372,.15700372,12.138329,10.741925,9.1336756,1,0,0,0
1.12,1.02,1.02,4.25,4,6,16,11,1.12,1.05,1.05,5.0500002,4,6,16,18.5,0,3,9262,.060946301,1,.2498173,.069849201,.1487301,186900,6,46255,2,.11332869,.019802609,12.138329,10.741925,9.1336756,1,0,0,1
1.1,.94999999,1.1,,5,4,19,22.5,1.0599999,1.05,1.04,5.0500002,5,4,18.5,40,1,1,9262,.060946301,1,.2498173,.069849201,.1487301,186900,6,46255,2,.095310204,-.051293306,12.138329,10.741925,9.1336756,1,1,0,0
1.17,1.27,2.77,4.6199999,3,3,11,9,1.16,1.26,2.75,5.25,3,3,11,20,1,2,7364,.038474899,1,.0066904002,.0250457,.075463101,204700,3,52919,2,.15700372,.23901689,12.2293,10.876517,8.9043589,1,0,1,0
1.12,1.02,1.0599999,4.25,3,4,17,18,1.17,1.0599999,2.1099999,5.0500002,3,4,17,13.5,1,3,9262,.060946301,1,.0066904002,.0250457,.075463101,204700,3,52919,2,.11332869,.019802609,12.2293,10.876517,9.1336756,1,0,0,1
1.0599999,.94999999,.94999999,4.25,3,4,17,9.5,1.05,.94999999,.94999999,5.0500002,4,4,17,19,0,1,3900,.054605901,1,.019644501,.060478199,.1005291,195200,2,44018,2,.058268853,-.051293306,12.18178,10.692354,8.2687321,1,1,0,0
1.02,,2.1400001,5,4,2,11.5,29.5,.83999997,.94,1.99,5.5,4,2,12.5,28,1,4,3900,.054605901,1,.019644501,.060478199,.1005291,195200,2,44018,2,.019802609,,12.18178,10.692354,8.2687321,1,0,0,0
1.2,1.0599999,1.0599999,4.5,3,5,17,23.5,1.17,1.01,1.05,5.0500002,3,5,16,20,1,3,8153,.0246954,1,.039404299,.0331476,.096737802,183500,1,51288,2,.18232159,.058268853,12.11997,10.845212,9.0061417,1,0,0,1
1.0599999,1.0599999,.94999999,4.6199999,4,3,16,26,1.0599999,1.0599999,1.0599999,5.0500002,3,3,16,31,0,1,2553,.0279219,1,.0124784,.0180528,.0187336,270800,1,67716,2,.058268853,.058268853,12.509136,11.123077,7.8450246,1,1,0,0
1.12,1.02,1.0599999,4.3200002,3,6,17,14.5,1.12,1.01,1.05,5.0500002,3,6,16,9,1,3,6659,.032736,1,.0308927,.043919601,.0670911,185100,3,51561,2,.11332869,.019802609,12.128652,10.850521,8.8037243,1,0,0,1
1.0599999,.94999999,.94999999,4.75,3,3,17,17.5,1.05,.94999999,.94999999,5.0500002,3,3,17,36,0,1,9762,.031581301,1,.028208099,.0612684,.1099576,176500,1,40760,2,.058268853,-.051293306,12.081077,10.615457,9.1862526,1,1,0,0
1.0599999,.94999999,.94999999,4.6500001,3,3,16,,1.05,1.05,.88999999,5.0500002,3,3,16,15,0,1,7268,.025203301,1,.0125818,.022337001,.073891602,207300,1,53168,2,.058268853,-.051293306,12.241922,10.881212,8.8912363,1,1,0,0
1.0599999,1.0599999,2.6600001,4.25,2,4,10,17.5,1.05,1.05,2.6400001,5.0500002,2,4,10,15.5,0,2,1675,.020996301,1,.0024702,.021757299,.024707399,276300,1,66939,2,.058268853,.058268853,12.529243,11.111537,7.4235682,1,0,1,0
.94999999,.94999999,.95999998,4.5,4,3,14,9,1.26,1.01,1,5.0500002,3,3,14,8.5,0,1,2371,.1460885,1,.0044542998,.0303532,.030861801,245400,5,62509,2,-.051293306,-.051293306,12.410645,11.043066,7.7710671,1,1,0,0
1.12,1.0599999,1.0599999,4.75,4,5,17,20.5,1.11,1.0599999,1.05,5.0500002,3,5,17,32.5,1,3,2371,.1460885,1,.0044542998,.0303532,.030861801,245400,5,62509,2,.11332869,.058268853,12.410645,11.043066,7.7710671,1,0,0,1
1.0599999,.94999999,.94999999,4.25,3,3,14,15,1.05,.94999999,.94,5.0500002,3,3,14,17,0,1,2371,.1460885,1,.0044542998,.0303532,.030861801,245400,5,62509,2,.058268853,-.051293306,12.410645,11.043066,7.7710671,1,1,0,0
1.0599999,.94999999,.94999999,4.5,3,3,16,17.5,1.05,.94,.94,5.0500002,3,3,16,22,0,1,3140,.0103678,1,.0105846,.025353801,.043109301,253200,1,68286,2,.058268853,-.051293306,12.441935,11.13146,8.0519781,1,1,0,0
1.17,1.27,2.77,4.25,3,3,11,10.5,1.16,1.16,2.75,5.0500002,3,3,11,9.5,0,2,4943,.038733501,1,.0083144,.036439698,.056823101,190800,2,51257,2,.15700372,.23901689,12.158981,10.844607,8.5057278,1,0,1,0
1.0700001,1.02,1.02,4.25,3,3,17,35,1.05,.94999999,.94999999,5.0500002,3,3,17,21.5,0,1,4943,.038733501,1,.0083144,.036439698,.056823101,190800,2,51257,2,.0676587,.019802609,12.158981,10.844607,8.5057278,1,1,0,0
.94999999,.85000002,.99000001,4.5,3,2,11,7.5,1.01,.89999998,1.26,5.0500002,3,2,13,8.5,0,4,2237,.0439381,1,.31731361,.13014521,.19852421,179600,4,40656,7,-.051293306,-.1625189,12.098488,10.612902,7.7128911,1,0,0,0
1.1799999,.88,.98000002,4.75,4,3,16,21,1.05,.89999998,.98000002,5.0500002,3,3,16,30,0,1,11199,.0872076,1,.31731361,.13014521,.19852421,179600,4,40656,19,.16551439,-.12783338,12.098488,10.612902,9.3235798,1,1,0,0
1.1,1.02,1.08,5,3,4,16,20,1.29,1.11,1.1799999,5.0500002,4,4,16,30,1,1,653,.0239083,1,.033142801,.039758898,.075414598,170000,2,47994,19,.095310204,.019802609,12.043553,10.778831,6.4815769,1,1,0,0
1.0599999,.94999999,.94999999,4.25,4,3,15,15,1.11,.94999999,1.14,5.25,4,3,16,16,0,1,2379,.062826097,1,.1591312,.037693702,.0432113,165500,6,45771,19,.058268853,-.051293306,12.016726,10.731406,7.7744355,1,1,0,0
1.12,1.02,1.0599999,4.75,5,6,12.5,12,1.11,1.01,1.05,5.0500002,3,6,13,18.5,0,1,2379,.062826097,1,.1591312,.037693702,.0432113,165500,6,45771,19,.11332869,.019802609,12.016726,10.731406,7.7744355,1,1,0,0
.91000003,.85000002,1.0599999,4.8699999,4,2,12,25,1.05,.83999997,1.26,5.25,3,2,12.5,19.5,0,4,816,.0348677,1,.1591312,.037693702,.0432113,165500,6,45771,19,-.094310649,-.1625189,12.016726,10.731406,6.7044144,1,0,0,0
1.0599999,.94999999,1.0599999,,4,2,12,40,1.02,.94,1.05,5.0500002,4,2,12,12.5,0,4,2379,.062826097,1,.1591312,.037693702,.0432113,165500,6,45771,19,.058268853,-.051293306,12.016726,10.731406,7.7744355,1,0,0,0
1.0599999,1.01,2.6600001,4.6199999,4,4,11,14,1.05,1,2.75,5.0500002,2,4,10.5,20,0,2,2379,.062826097,1,.1591312,.037693702,.0432113,165500,6,45771,19,.058268853,.0099503212,12.016726,10.731406,7.7744355,1,0,1,0
1.02,1.0700001,1.0599999,5,4,5,16,26,1.05,1.01,1.74,5.0500002,4,5,15,22,1,3,886,.0198009,1,.031718802,.0254828,.055392299,217800,1,62194,19,.019802609,.0676587,12.291332,11.038013,6.7867169,1,0,0,1
1.0599999,,1.05,4.6199999,4,,16,25.5,1.04,1.0599999,,5.0500002,4,,16,33.75,0,1,668,.033832502,1,.080157802,.035537198,.072896197,176500,3,57697,19,.058268853,,12.081077,10.96296,6.5042882,1,1,0,0
.94999999,.85000002,1.0599999,5,4,2,11.5,17.5,1,.89999998,2.1099999,5.0500002,3,2,12.5,15,1,4,668,.033832502,1,.080157802,.035537198,.072896197,176500,3,57697,19,-.051293306,-.1625189,12.081077,10.96296,6.5042882,1,0,0,0
1.12,1.02,.94999999,4.75,4,5,16,20,1.17,1.0599999,.94999999,5.0500002,4,5,16,21,0,3,3924,.0195668,1,.0091859996,.0249824,.079898298,168300,3,58039,19,.11332869,.019802609,12.033504,10.96887,8.2748671,1,0,0,1
1.0599999,.94999999,.98000002,4.8499999,10,4,17.5,26,1.05,.94,1.04,5.0500002,5,4,18,26,0,1,3924,.0195668,1,.0091859996,.0249824,.079898298,168300,3,58039,19,.058268853,-.051293306,12.033504,10.96887,8.2748671,1,1,0,0
.91000003,.79000002,2.3399999,,3,3,11,6.5,.94999999,.89999998,2.49,5.0500002,2,3,11,8.5,0,2,3924,.0195668,1,.0091859996,.0249824,.079898298,168300,3,58039,19,-.094310649,-.2357223,12.033504,10.96887,8.2748671,1,0,1,0
1.0599999,1.01,2.6600001,4.25,2,4,10,7.5,1.05,.94,2.5899999,5.0500002,5,4,10.5,7.5,0,2,628,.0253674,1,.026525,.034255199,.0402885,163600,4,53795,19,.058268853,.0099503212,12.005179,10.892936,6.4425402,1,0,1,0
.91000003,.85000002,.94999999,5,3,2,11.5,17.5,1.05,.83999997,1.26,5.0500002,2,2,12.5,,0,4,628,.0253674,1,.026525,.034255199,.0402885,163600,4,53795,19,-.094310649,-.1625189,12.005179,10.892936,6.4425402,1,0,0,0
,,.95999998,4.25,3,4,16,17.5,1.11,1.05,1.05,5.0500002,5,4,16,17.5,1,1,628,.0253674,1,.026525,.034255199,.0402885,163600,4,53795,19,,,12.005179,10.892936,6.4425402,1,1,0,0
1.0599999,.85000002,1.0599999,4.25,3,2,11.5,15,.94,.83999997,2.1099999,5.0500002,3,2,12.5,20.5,0,4,5419,.044028498,1,.049741302,.050238799,.113924,128600,3,42361,19,.058268853,-.1625189,11.764462,10.653983,8.5976667,1,0,0,0
.91000003,.85000002,2.3399999,4.25,3,3,10,19,1.01,.94,2.6400001,5.0500002,3,3,10.5,6,1,2,3126,.035332799,1,.049741302,.050238799,.113924,128600,3,42361,19,-.094310649,-.1625189,11.764462,10.653983,8.0475092,1,0,1,0
1.0599999,1.01,2.6600001,4.5,3,4,11,10.5,1.05,1,2.73,5.0500002,3,4,10,7.5,0,2,792,.097446397,1,.1962366,.14560629,.1610329,147600,2,35277,23,.058268853,.0099503212,11.902261,10.470986,6.6745615,1,0,1,0
.91000003,.91000003,2.3399999,4.25,3,3,10.5,8,.94,.83999997,2.49,5.0500002,4,3,11,7,0,2,3126,.035332799,1,.042877801,.029228101,.057933699,176400,3,60606,19,-.094310649,-.094310649,12.080509,11.012149,8.0475092,1,0,1,0
1.12,1.0700001,1.12,4.75,3,5,15,11.5,1.11,1.0599999,1.05,5.0500002,3,5,15,9.5,0,3,3126,.035332799,1,.042877801,.029228101,.057933699,176400,3,60606,19,.11332869,.0676587,12.080509,11.012149,8.0475092,1,0,0,1
1.1,.94,1.04,5,4,3,16,28.5,1.11,1.05,1.05,5.0500002,4,3,16,23,1,1,1662,.019477,1,.0147634,.016251201,.0586081,226400,2,71621,19,.095310204,-.061875407,12.330059,11.179144,7.4157772,1,1,0,0
1.0599999,1.01,2.6600001,4.5,4,4,11,9.5,1.05,1.05,2.8499999,5.0500002,4,4,12,8.75,0,2,5552,.077446498,1,.30152619,.064241499,.084454,136700,2,46272,19,.058268853,.0099503212,11.825544,10.742292,8.6219139,1,0,1,0
1.09,.94999999,1.04,4.25,3,3,16,18,1.1799999,1.04,1.03,5.0500002,5,3,16,16.25,1,1,2237,.0439381,1,.0048831999,.0148394,.043564402,178400,3,55917,7,.086177729,-.051293306,12.091784,10.931623,7.7128911,1,1,0,0
1.12,1.09,1.0599999,5.6199999,3,4,15,14,1.11,1.0599999,1.05,5.0500002,3,4,15,13.75,0,3,2237,.0439381,1,.0048831999,.0148394,.043564402,178400,3,55917,7,.11332869,.086177729,12.091784,10.931623,7.7128911,1,0,0,1
1.0599999,.94999999,.94999999,4.5,4,2,16,10,1.05,.94,.94,5.0500002,3,2,16,13,0,1,462,.051502101,1,.057045698,.061511699,.077221401,161000,1,46700,21,.058268853,-.051293306,11.98916,10.751499,6.1355648,1,1,0,0
1.0599999,.94999999,.94999999,5.25,4,3,17,19.5,1.05,.94,.94,5.0500002,4,3,17,22.5,0,1,1088,.021141,1,.0017650001,.0200583,.043530598,185500,1,63257,21,.058268853,-.051293306,12.13081,11.054961,6.9920964,1,1,0,0
.85000002,.80000001,2.3399999,4.3499999,3,4,10,6,.91000003,.89999998,2.45,5.0500002,4,4,10.5,12.5,0,2,2256,.0311576,1,.0115167,.033978,.0566964,164400,3,50708,29,-.1625189,-.22314353,12.010057,10.833839,7.7213488,1,0,1,0
.99000001,.88999999,.88999999,5,4,3,17,28,1.05,.94999999,.94999999,5.0500002,5,3,17,15.5,0,1,2256,.0311576,1,.0115167,.033978,.0566964,164400,3,50708,29,-.010050327,-.11653383,12.010057,10.833839,7.7213488,1,1,0,0
1.09,.81,1.04,5,3,,15,7,,,,,0,,,0,0,1,432,.0167742,1,.0118611,.037560001,.0219448,150900,2,50628,21,.086177729,-.21072103,11.924373,10.83226,6.0684257,1,1,0,0
.92000002,.69999999,2.3399999,4.5,3,3,10,5.5,.94999999,.94,2.49,5.0500002,4,3,11.5,5,0,2,432,.0167742,1,.0118611,.037560001,.0219448,150900,2,50628,21,-.083381593,-.35667497,11.924373,10.83226,6.0684257,1,0,1,0
.98000002,.85000002,2.3399999,4.5,2,4,10.5,12,.94999999,.83999997,2.49,5.25,4,4,11.5,12.5,0,2,952,.023496,1,.0111902,.044012301,.037634399,176600,3,46472,21,-.020202687,-.1625189,12.081642,10.746605,6.8585649,1,0,1,0
.94999999,.85000002,1.0599999,4.75,5,2,11.5,24,1.11,.83999997,1.26,5.0500002,4,2,12.5,17.5,0,4,952,.023496,1,.0111902,.044012301,.037634399,176600,3,46472,21,-.051293306,-.1625189,12.081642,10.746605,6.8585649,1,0,0,0
1.16,1.02,1.09,4.5,3,5,16,18,1.15,1.01,1.01,5.0500002,3,5,16,22,0,1,2279,.030315099,1,.0069724,.041768599,.079109602,156400,3,51675,27,.14841998,.019802609,11.960172,10.85273,7.731492,1,1,0,0
1.0599999,1.02,2.3399999,4.5,2,5,11,8.5,1.15,1.05,2.6400001,5.0500002,2,5,11,6.5,0,2,1082,.0112211,1,.0069724,.041768599,.079109602,156400,3,51675,27,.058268853,.019802609,11.960172,10.85273,6.9865665,1,0,1,0
1.2,1.0700001,1.0599999,5,3,,16.5,21,,,,5.0500002,3,,15,18,1,3,462,.051502101,1,.0118201,.0234509,.032754801,179900,3,60286,21,.18232159,.0676587,12.100157,11.006855,6.1355648,1,0,0,1
1.1900001,.87,.94999999,5,2,3,15,33,1.09,1.04,1.01,5.0500002,3,3,15,7.5,0,1,394,.0161641,1,.00026229999,.0139455,.028163699,189300,1,68602,27,.17395335,-.13926207,12.151089,11.136077,5.9763508,1,1,0,0
1.0599999,.94999999,1.02,4.8699999,3,3,15,15.5,.94999999,.94,1.01,5.0500002,2,3,15,11,0,1,952,.023496,1,.015957899,.019735601,.031288698,211400,2,65305,21,.058268853,-.051293306,12.261507,11.086823,6.8585649,1,1,0,0
1.12,1.02,1.0599999,4.75,3,6,16.5,20,1.11,1.01,1.05,5.0500002,3,6,15.5,18,1,3,952,.023496,1,.015957899,.019735601,.031288698,211400,2,65305,21,.11332869,.019802609,12.261507,11.086823,6.8585649,1,0,0,1
1.0599999,.94999999,.94999999,4.25,4,3,16,,1.05,.94,.94,5.0500002,4,3,16,26,0,1,346,.0135326,1,.016090401,.042346701,.073081598,146100,1,48925,29,.058268853,-.051293306,11.892047,10.798044,5.8464389,1,1,0,0
1.12,.88999999,.94999999,5.1199999,3,2,14,11.75,1.13,.91000003,.91000003,5.25,3,2,14,6,0,1,513,.0200091,1,.0013975,.0131476,.039042801,314000,1,82084,26,.11332869,-.11653383,12.657148,11.315498,6.2402759,1,1,0,0
1.12,1.02,1.0599999,5,4,5,19,19,1.11,1.0599999,1.05,5.0500002,3,5,17,12.5,1,3,759,.0593081,1,.0096110003,.018063899,.0180424,318100,2,80548,21,.11332869,.019802609,12.670121,11.296609,6.6320019,1,0,0,1
1.0599999,.94999999,.94999999,5,3,3,16,13.5,1.05,.95999998,.94999999,5.2800002,4,3,16,14,0,1,759,.0593081,1,.0096110003,.018063899,.0180424,318100,2,80548,21,.058268853,-.051293306,12.670121,11.296609,6.6320019,1,1,0,0
.91000003,.85000002,2.3399999,5,3,2,12,12.5,.94999999,.82999998,2.47,5.5,2,2,11,16,0,2,1136,.01643,1,.0060498002,.0207022,.0125,256600,2,72638,21,-.094310649,-.1625189,12.455274,11.193243,7.0352688,1,0,1,0
1.23,.88999999,.88999999,4.6700001,3.5,3,16,13.75,1.11,.88,.88,5.75,3,3,15,22,0,1,852,.086497098,1,.0061889002,.0224756,.0204082,235000,1,71806,26,.20701419,-.11653383,12.367341,11.181724,6.7475867,1,1,0,0
1,.94999999,.88999999,,9,3,17,12.5,1.05,.94999999,.94999999,5.0500002,3,3,17,31.5,0,1,3774,.0159621,1,.043010801,.0379497,.052835099,247900,1,65431,21,0,-.051293306,12.420781,11.088752,8.2358904,1,1,0,0
1.12,.91000003,.99000001,4.75,4,,11.5,9.5,.94999999,.94999999,.88999999,,,,,,1,3,5660,.075483397,1,.12947901,.0466379,.073821403,283100,2,72920,21,.11332869,-.094310649,12.553555,11.197118,8.6411791,1,0,0,1
1.0599999,1,1.0599999,4.8000002,5,4,16,18,1.05,.99000001,1.05,5.0500002,4.5,4,16,16,0,1,5660,.075483397,1,.12947901,.0466379,.073821403,283100,2,72920,21,.058268853,0,12.553555,11.197118,8.6411791,1,1,0,0
1.02,.85000002,.85000002,5,4,4,15,19,.94,.77999997,.83999997,5.0500002,2,4,15,21.25,1,1,2868,.050700799,1,.041444201,.036067799,.0987546,129900,6,51022,6,.019802609,-.1625189,11.77452,10.840013,7.96137,1,1,0,0
1.02,.91000003,.91000003,4.5,4,4,16,16.5,1.01,1.01,.94,5.0500002,3,4,16,12,1,3,2868,.050700799,1,.041444201,.036067799,.0987546,129900,6,51022,6,.019802609,-.094310649,11.77452,10.840013,7.96137,1,0,0,1
1.12,,.94999999,4.75,3,2,11.5,8.5,1.02,1.01,.94,5.0500002,3,2,11.5,9.5,1,3,2868,.050700799,1,.041444201,.036067799,.0987546,129900,6,51022,6,.11332869,,11.77452,10.840013,7.96137,1,0,0,1
1.0599999,.93000001,.88,4.25,4,3,16,20,1.09,.94,.93000001,5.0500002,5,3,16,17,1,1,1672,.0671423,1,.1058741,.062553003,.060071401,114800,4,43470,6,.058268853,-.072570682,11.650947,10.679827,7.4217758,1,1,0,0
.94999999,.79000002,2.3399999,4.25,4,4,11,6,.94,.73000002,2.3199999,5.0500002,2,4,10.5,5,1,2,1672,.0671423,1,.1058741,.062553003,.060071401,114800,4,43470,6,-.051293306,-.2357223,11.650947,10.679827,7.4217758,1,0,1,0
1.02,.94999999,.94999999,4.25,2,6,16,8,1.01,1.01,2,5.0500002,2,6,15,8,1,3,1672,.0671423,1,.1058741,.062553003,.060071401,114800,4,43470,6,.019802609,-.051293306,11.650947,10.679827,7.4217758,1,0,0,1
.94999999,.86000001,.94999999,5,3,2,11.5,14.5,1,.83999997,2.3499999,5.25,3,2,12.5,24,0,4,7144,.015996801,1,.2013907,.053199001,.057363201,109700,2,45443,2,-.051293306,-.15082288,11.605505,10.724214,8.8740282,1,0,0,0
,,,4.75,3,3,16,12,1.01,1.01,.94,5.0500002,3,3,15,13,1,3,1938,.036391798,1,.039983399,.0287831,.047650799,110200,7,48574,6,,,11.610052,10.790844,7.5694118,1,0,0,1
1.0599999,.94999999,2.77,4.25,2,4,10,10.5,1.09,.89999998,2.75,5.0500002,3,4,10,9,0,2,1938,.036391798,1,.039983399,.0287831,.047650799,110200,7,48574,6,.058268853,-.051293306,11.610052,10.790844,7.5694118,1,0,1,0
1.0599999,.92000002,.89999998,4.25,3,3,16,15,1.08,.94,.83999997,5.0500002,3,3,18,29,0,1,2325,.041600801,1,.039983399,.0287831,.047650799,110200,6,48574,6,.058268853,-.083381593,11.610052,10.790844,7.7514753,1,1,0,0
1.02,.88999999,.91000003,4.6199999,3,3,16,17,1.04,.93000001,.95999998,5.0500002,5,3,16.25,17.5,0,1,1938,.036391798,1,.039983399,.0287831,.047650799,110200,7,48574,6,.019802609,-.11653383,11.610052,10.790844,7.5694118,1,1,0,0
.94999999,.86000001,.94999999,4.5500002,3,2,11.5,14,1,.85000002,.94,5.0999999,3,2,11.5,13,0,4,1938,.036391798,1,.039983399,.0287831,.047650799,110200,7,48574,6,-.051293306,-.15082288,11.610052,10.790844,7.5694118,1,0,0,0
.94999999,.74000001,2.3399999,4.75,2,4,10.5,13,.94999999,.85000002,2.3199999,5.0500002,2,4,12,9.5,1,2,877,.0431187,1,.20104299,.068489797,.094656304,110900,3,41440,5,-.051293306,-.30110508,11.616385,10.632002,6.7765069,1,0,1,0
1.0599999,.93000001,.93000001,4.8699999,5,,17,19.75,,,,5.0500002,3,,17,27.5,1,1,877,.0431187,1,.20104299,.068489797,.094656304,110900,3,41440,5,.058268853,-.072570682,11.616385,10.632002,6.7765069,1,1,0,0
1.0599999,.94999999,1.0599999,4.25,3,3,16.5,13.5,1.08,1.02,.87,5.0500002,3,3,17.5,11.25,0,1,2932,.044634901,1,.1095007,.0659936,.086792603,88300,3,40050,6,.058268853,-.051293306,11.388495,10.597884,7.9834399,1,1,0,0
.94999999,.69,1.5,4.4499998,3,4,10,7,.94,.73000002,2.3199999,5.0500002,4,4,11,11.5,1,2,2482,.035721499,1,.1095007,.0659936,.086792603,88300,3,40050,6,-.051293306,-.37106368,11.388495,10.597884,7.8168201,1,0,1,0
1.02,.94999999,.94999999,4.5,4,3,15,17,,.89999998,,5.0500002,4,3,15,19.5,0,1,1103,.032312199,1,.045875099,.046534099,.065689497,98000,1,42176,11,.019802609,-.051293306,11.492723,10.649607,7.0057888,1,1,0,0
1.0599999,.88999999,.91000003,4.5,3,3,16,15,.93000001,.83999997,.93000001,5.0500002,3,3,16,25,0,1,1666,.062187798,1,.19536661,.1388848,.098517202,95700,4,39672,11,.058268853,-.11653383,11.468973,10.588401,7.4181809,1,1,0,0
1.0599999,.94999999,2.77,4.25,3,5,10.5,7.5,1.05,.94,2.75,5.0500002,3,5,10.5,11,0,2,1666,.062187798,1,.19536661,.1388848,.098517202,95700,4,39672,11,.058268853,-.051293306,11.468973,10.588401,7.4181809,1,0,1,0
.94999999,.70999998,.94999999,4.25,2,2,11.5,11,1,.85000002,.94,5.3000002,2,2,10.5,13,0,4,1666,.062187798,1,.19536661,.1388848,.098517202,95700,4,39672,11,-.051293306,-.34249035,11.468973,10.588401,7.4181809,1,0,0,0
1.0599999,.91000003,.94999999,4.5,3,5,16,12,1.01,1.01,.94,5.0500002,3,5,16,9.5,1,3,3684,.065927997,1,.0026281001,.084903702,.1666981,64700,1,35682,6,.058268853,-.094310649,11.077517,10.482402,8.2117548,1,0,0,1
.94999999,.92000002,.94999999,4.8000002,3,2,16,17.5,1,.83999997,2.6900001,5.0500002,3,2,16,20.5,0,4,4215,.024914701,1,.0108808,.0434402,.098886997,88800,2,39207,6,-.051293306,-.083381593,11.394142,10.576611,8.346405,1,0,0,0
1.02,.88,.91000003,4.25,3,,16,25,,,,,,,,,0,1,4215,.024914701,1,.0108808,.0434402,.098886997,88800,2,39207,6,.019802609,-.12783338,11.394142,10.576611,8.346405,1,1,0,0
1.0599999,.91000003,.79000002,4.25,3,,16,9,,,,,0,,,0,1,3,2868,.050700799,1,.029206401,.0259011,.0387564,138700,2,54981,6,.058268853,-.094310649,11.840069,10.914743,7.96137,1,0,0,1
1.02,.85000002,.85000002,5,4,3,14.5,19,1.05,,.83999997,5.0500002,4,3,14.5,22.5,0,1,2868,.050700799,1,.029206401,.0259011,.0387564,138700,2,54981,6,.019802609,-.1625189,11.840069,10.914743,7.96137,1,1,0,0
1.1799999,1.0599999,,5.25,5,5,24,43,1.22,1.05,1.05,5.0500002,5,5,24,41.5,0,3,292,.0339122,1,.0550422,.073561899,.068142198,96300,2,39345,1,.16551439,.058268853,11.475224,10.580124,5.676754,1,0,0,1
1,.85000002,.88,,2,3,16,14.5,1.05,.83999997,.87,5.0500002,2,3,16,14.5,0,1,292,.0339122,1,.0550422,.073561899,.068142198,96300,3,39345,1,0,-.1625189,11.475224,10.580124,5.676754,1,1,0,0
.89999998,.80000001,.80000001,4.25,3,3,16,16.5,1.05,.88,.91000003,5.0500002,5,3,16,42.5,0,1,2115,.052730199,1,.064461596,.0365812,.0591291,170700,3,61835,6,-.10536055,-.22314353,12.047663,11.032225,7.6568103,1,1,0,0
.94999999,.74000001,2.3399999,4.6199999,4,4,10,9,.94999999,.74000001,2.3199999,5.0500002,3,4,10,7.5,1,2,2115,.052730199,1,.064461596,.0365812,.0591291,170700,3,61835,6,-.051293306,-.30110508,12.047663,11.032225,7.6568103,1,0,1,0
.91000003,.74000001,2.3399999,5.5,2,,10,7.5,,,2.3199999,5.0500002,3,,11,6.5,1,2,1987,.0566702,1,.98165792,.097630002,.1395122,81500,1,41429,6,-.094310649,-.30110508,11.308358,10.631737,7.5943813,1,0,1,0
1.0700001,.85000002,.94999999,4.3699999,3,3,16,18.75,1.01,1.01,.88999999,5.0500002,4,3,16,,1,3,4775,.035628699,1,.55970818,.044440798,.0284454,95100,3,48741,5,.0676587,-.1625189,11.462685,10.794276,8.4711494,1,0,0,1
1.0599999,.85000002,.94999999,4.25,2,3,16,21,.94999999,.94999999,.94999999,5.0500002,2,3,16,9.5,1,1,4775,.035628699,1,.55970818,.044440798,.0284454,95100,3,48741,5,.058268853,-.1625189,11.462685,10.794276,8.4711494,1,1,0,0
1.02,.94999999,.94999999,4.75,3,5,16,10,1.01,1.01,.88999999,5.0500002,3,5,16,9.5,1,3,4960,.021189099,1,.1735384,.0725547,.076923102,87900,2,37575,6,.019802609,-.051293306,11.383955,10.534094,8.509161,1,0,0,1
1.0599999,.87,.91000003,4.25,3,5,15,20.5,1.05,.87,.94,5.0500002,4,5,15,22.5,0,1,283,.029943701,1,.0019082,.067086004,.058961801,132200,3,34714,23,.058268853,-.13926207,11.792071,10.454898,5.6454468,1,1,0,0
1.0599999,.91000003,1.0700001,4.4000001,3,5,16,18.5,1.0700001,1.01,1.05,5.0500002,2,5,15,13.5,0,3,283,.029943701,1,.0019082,.067086004,.058961801,132200,3,34714,23,.058268853,-.094310649,11.792071,10.454898,5.6454468,1,0,0,1
1.0599999,.91000003,1.12,4.75,4,5,16,12.5,1.01,1.01,.88999999,5.0500002,2,5,17,15,1,3,5164,.0384675,1,.057530802,.028208399,.0610785,95000,1,39509,5,.058268853,-.094310649,11.461632,10.584284,8.5494671,1,0,0,1
1.12,.91000003,.94999999,5,5,3,16,16,1.01,1.01,.94,5.0500002,4,3,15,10,1,3,1191,.0287745,1,.029515199,.022038801,.032409299,145300,2,55878,5,.11332869,-.094310649,11.886556,10.930926,7.0825486,1,0,0,1
.94999999,.80000001,1.0599999,5.0500002,4,2,11.5,16.5,1,.85000002,1.05,5.0500002,4,2,11.5,14,0,4,1367,.027519001,1,.060691599,.020293299,.017128199,148900,4,57055,5,-.051293306,-.22314353,11.91103,10.951771,7.2203736,1,0,0,0
1.0599999,.92000002,.92000002,,3,5,17,14,1.05,.94,.94,5.0500002,3,5,17,13.5,1,1,3656,.078296803,1,.060691599,.020293299,.017128199,148900,3,57055,5,.058268853,-.083381593,11.91103,10.951771,8.2041254,1,1,0,0
.94999999,,,4.25,2,,10,7.25,.85000002,,,,3,,11,9,1,2,509,.022605499,1,.0047141998,.0234694,.0305526,188900,3,63989,5,-.051293306,,12.148973,11.066466,6.2324481,1,0,1,0
.95999998,.94999999,.85000002,4.25,3,5,14.5,21,1.05,.83999997,.83999997,5.0500002,2,5,16,23.5,0,1,509,.022605499,1,.0047141998,.0234694,.0305526,188900,3,63989,5,-.040822018,-.051293306,12.148973,11.066466,6.2324481,1,1,0,0
.91000003,.91000003,.91000003,5,3,3,12.5,15,.89999998,.89999998,.85000002,5.0500002,3,3,12.5,10,0,1,1062,.0325763,1,.053243499,.0289966,.049853899,190400,3,64903,5,-.094310649,-.094310649,12.156882,11.080649,6.9679093,1,1,0,0
.94999999,.86000001,.94999999,5.0599999,3,2,10.5,17.5,1,.85000002,.94,5.0500002,3,2,10.5,12.5,0,4,3656,.079894699,1,.123247,.063223898,.067520998,113200,4,47996,5,-.051293306,-.15082288,11.636911,10.778872,8.2041254,1,0,0,0
.94999999,.74000001,2.3399999,4.6199999,2,4,9.5,5.5,.89999998,.83999997,2.3199999,5.0500002,3,4,11,6.5,1,2,3656,.079894699,1,.123247,.063223898,.067520998,113200,4,47996,5,-.051293306,-.30110508,11.636911,10.778872,8.2041254,1,0,1,0
.91000003,.74000001,2.3399999,4.25,3,,10,7.5,.94,.73000002,2.53,5.0500002,2,,10.5,13.5,1,2,3147,.062490501,1,.2120887,.14719599,.1424783,69000,2,31348,11,-.094310649,-.30110508,11.141862,10.352905,8.0542049,1,0,1,0
1.05,.91000003,.93000001,4.25,4,2,16,19.5,1.04,.93000001,.94999999,5.0500002,5,2,16,28,0,1,565,.026315801,1,.0078827003,.055335999,.063437402,87900,3,43628,25,.04879012,-.094310649,11.383955,10.683455,6.3368258,1,1,0,0
1.0599999,.83999997,.94999999,4.3499999,4,4,16,10.5,1.05,1.05,.94,5.0500002,2,4,15,10.5,0,3,565,.026315801,1,.0078827003,.055335999,.063437402,87900,3,43628,25,.058268853,-.17435342,11.383955,10.683455,6.3368258,1,0,0,1
1.02,.91000003,.93000001,4.5,4,3,15,34,.94999999,1.05,.94,5.0500002,5,3,16,20,0,1,1907,.0310366,1,.0467958,.033606201,.063577101,115700,2,44778,5,.019802609,-.094310649,11.658756,10.709473,7.5532866,1,1,0,0
1.02,.89999998,.94999999,4.25,3,4,16,15.75,1.01,1.01,.73000002,5.0500002,4,4,16,20,1,3,3964,.0234234,1,.047773998,.0248612,.035246,144800,1,53455,5,.019802609,-.10536055,11.883109,10.886596,8.2850084,1,0,0,1
1.0599999,.80000001,2.1300001,4.4499998,3,3,10.5,11,.94,.94,2.4300001,5.0500002,2,3,10,5.5,0,2,2549,.1070754,1,.27846751,.187528,.16969579,69800,2,32360,25,.058268853,-.22314353,11.153389,10.384679,7.8434563,1,0,1,0
.95999998,.93000001,.93000001,4.5500002,4,4,17.5,14.5,1.05,.94,.94,5.0500002,4,4,17.5,20.75,1,1,5119,.062178999,1,.0468705,.0613623,.096122801,87800,1,42893,11,-.040822018,-.072570682,11.382816,10.666464,8.5407143,1,1,0,0
.94999999,.85000002,2.3399999,4.25,3,3,10,9.5,.94,.73000002,2.3199999,5.0500002,3,3,10,8,1,2,1672,.0671423,1,.056067601,.045620799,.067949504,130300,1,57178,6,-.051293306,-.1625189,11.777595,10.953924,7.4217758,1,0,1,0
1.02,.94999999,2.5599999,4.5999999,3,4,11,15,1.05,.94,2.53,5.0500002,3,4,11,8.5,0,2,569,.046659902,1,.114207,.069880903,.069863498,95600,3,39756,11,.019802609,-.051293306,11.467928,10.590516,6.3438807,1,0,1,0
1.0599999,.88,.83999997,4.5,3,2,16,19.75,1.05,.94,.88999999,5.0500002,3,2,16,27.5,0,1,569,.046659902,1,.114207,.069880903,.069863498,95600,3,39756,11,.058268853,-.12783338,11.467928,10.590516,6.3438807,1,1,0,0
1.12,.85000002,1.0599999,4.25,3,3,12.5,14,1.01,1.01,.88999999,5.0500002,3,3,11.5,9.5,1,3,1373,.073579997,1,.0911294,.076273203,.098607697,95800,4,42022,11,.11332869,-.1625189,11.470018,10.645948,7.2247534,1,0,0,1
.85000002,.74000001,2.3399999,4.3499999,2,3,10,9,.94999999,.73000002,2.1900001,5.0500002,3,3,11,6.5,1,2,1373,.073579997,1,.0911294,.076273203,.098607697,95800,4,42022,11,-.1625189,-.30110508,11.470018,10.645948,7.2247534,1,0,1,0
1.0599999,.91000003,.91000003,4.75,3,5,17,16.5,1.01,1.01,.94,5.0500002,4,5,17,24.5,1,3,1373,.073579997,1,.0911294,.076273203,.098607697,95800,4,42022,11,.058268853,-.094310649,11.470018,10.645948,7.2247534,1,0,0,1
.94999999,.86000001,.94999999,4.5,3,2,12.5,17.25,1,.83999997,.88999999,5.0500002,3,2,12.5,20.5,0,4,2758,.037441,1,.070375502,.052396901,.0468085,109700,3,49700,11,-.051293306,-.15082288,11.605505,10.81376,7.9222612,1,0,0,0
.94999999,.74000001,2.1900001,4.25,2,4,10,8.5,.94,.73000002,2.3199999,5.0500002,3,4,10.5,6,1,2,5119,.062178999,1,.070375502,.052396901,.0468085,109700,3,49700,11,-.051293306,-.30110508,11.605505,10.81376,8.5407143,1,0,1,0
.94999999,.74000001,2.3399999,5.0500002,3,4,11,9.5,.94,.73000002,2.3199999,5.25,3,4,12,9,1,2,10080,.1491565,1,.61566871,.3244063,.40088299,33900,2,20216,6,-.051293306,-.30110508,10.43117,9.9142294,9.2183084,1,0,1,0
1.02,.79000002,2.3399999,5,2,4,11,6.5,.89999998,.73000002,2.28,5.0500002,3,4,12,7.5,1,2,10080,.1491565,1,.47161379,.3382175,.39801729,35500,2,19931,6,.019802609,-.2357223,10.477288,9.900032,9.2183084,1,0,1,0
.94999999,.88999999,.94999999,4.75,3,2,12.5,14,1,.85000002,.94,5.0500002,2,2,11.5,11.5,0,4,4975,.021374,1,.0075611002,.032401498,.1034096,100300,2,45405,6,-.051293306,-.11653383,11.515921,10.723377,8.5121803,1,0,0,0
1.02,.88,.91000003,4.25,2,3,15,5,1.05,1.11,.94,5.0500002,5,3,16,11.5,0,1,3290,.0546088,1,.208941,.0766652,.1043003,80100,6,36921,6,.019802609,-.12783338,11.291031,10.516536,8.0986433,1,1,0,0
.94999999,.74000001,2.1900001,5,3,5,10.5,10,.94999999,.73000002,2.3199999,5.0500002,3,5,12,12.5,1,2,3290,.0546088,1,.208941,.0766652,.1043003,80100,6,36921,6,-.051293306,-.30110508,11.291031,10.516536,8.0986433,1,0,1,0
1.02,.91000003,.80000001,4.75,3,4,16,15.5,1.01,1.01,1.01,5.0500002,3,4,16,10.5,1,3,3290,.0546088,1,.208941,.0766652,.1043003,80100,6,36921,6,.019802609,-.094310649,11.291031,10.516536,8.0986433,1,0,0,1
1.02,.88,.94,4.25,1,,16,10,,,,,0,,,0,0,1,3290,.0546088,1,.208941,.0766652,.1043003,80100,6,36921,6,.019802609,-.12783338,11.291031,10.516536,8.0986433,1,1,0,0
.94999999,.74000001,2.1900001,4.25,3,5,10,5,.94999999,.73000002,2.3199999,5.0500002,4,5,11,4.5,1,2,3290,.0546088,1,.208941,.0766652,.1043003,80100,6,36921,6,-.051293306,-.30110508,11.291031,10.516536,8.0986433,1,0,1,0
1.01,.86000001,.94999999,5.4200001,3,2,15.5,12,.94,.79000002,1.26,5.6700001,3,2,14.5,13,0,4,1280,.048232399,1,.070282698,.034389202,.039478,114800,5,46469,1,.0099503212,-.15082288,11.650947,10.746541,7.1546154,1,0,0,0
1.26,.99000001,,5.1500001,5,4,24,40.5,1.22,,1.05,5.0500002,4,4,24,22.5,1,3,1280,.048232399,1,.070282698,.034389202,.039478,114800,5,46469,1,.23111172,-.010050327,11.650947,10.746541,7.1546154,1,0,0,1
1.12,.85000002,2.45,5,3,4,12.5,10,1.05,.83999997,2.4300001,5.0500002,2,4,12,9.5,0,2,1280,.048232399,1,.070282698,.034389202,.039478,114800,5,46469,1,.11332869,-.1625189,11.650947,10.746541,7.1546154,1,0,1,0
1.0599999,.94999999,.91000003,4.6199999,3,3,15,14,1.05,.74000001,.94,5.25,4,3,16,18,0,1,1280,.048232399,1,.070282698,.034389202,.039478,114800,5,46469,1,.058268853,-.051293306,11.650947,10.746541,7.1546154,1,1,0,0
1.13,1.0599999,.94999999,4.3699999,4,3,15,9,1.01,1.01,.94,5.0500002,3,3,15,16,0,1,749,.0371278,1,.0374786,.067419,.086345904,101500,2,34158,7,.12221763,.058268853,11.527814,10.438752,6.6187391,1,1,0,0
1.01,.79000002,.85000002,,3,2,14,7,1,.85000002,2.1099999,,2,2,14,14,0,4,163,.0249977,1,.0058356998,.0395137,.044126399,144000,1,49167,7,.0099503212,-.2357223,11.877568,10.802978,5.09375,1,0,0,0
1.23,1.0599999,2.3,4.8699999,3,3,13,10.5,1.23,1.11,2.28,5.0500002,6,3,16,8,1,3,,,1,0,.0173754,.0058224001,145300,1,53725,1,.20701419,.058268853,11.886556,10.891634,,1,0,0,1
1.0599999,.85000002,3.95,4.6199999,3,4,12.5,5.5,.94999999,.89999998,2.4300001,5.0500002,3,4,11.5,24,0,2,2763,.077556603,1,.36120889,.092162199,.1234823,83000,3,36701,1,.058268853,-.1625189,11.326596,10.510559,7.9240723,1,0,1,0
1.0599999,.92000002,.87,4.6199999,3,,16,22.5,1.05,.94,.94,5.0500002,3,,16,19,1,1,2763,.077556603,1,.36120889,.092162199,.1234823,83000,3,36701,1,.058268853,-.083381593,11.326596,10.510559,7.9240723,1,1,0,0
1.0599999,.86000001,1.0599999,,3,2,16,25,1,.85000002,1.05,5.25,3,2,15,33,0,4,204,.055988099,1,.0645478,.1094265,.0934112,91800,1,33510,7,.058268853,-.15082288,11.427367,10.4196,5.31812,1,0,0,0
1.0599999,.93000001,.94,4.5,4,3,15,15.5,1,1.01,.88999999,5.0500002,,3,15,15,0,1,2749,.0353067,1,.0398538,.062488701,.1187804,110900,2,39203,1,.058268853,-.072570682,11.616385,10.576509,7.9189925,1,1,0,0
1.12,.80000001,2.45,5,2,4,12,9.5,1.05,.83999997,2.4300001,5.0500002,3,4,11,7,0,2,2749,.0353067,1,.0398538,.062488701,.1187804,110900,2,39203,1,.11332869,-.22314353,11.616385,10.576509,7.9189925,1,0,1,0
.85000002,,,4.5,2,5,10,3,.94,.83999997,2.52,5.0500002,3,5,10,4,1,2,3449,.3166815,1,.063246697,.1619619,.217556,110200,4,28729,7,-.1625189,,11.610052,10.265662,8.1458397,1,0,1,0
1.02,.91000003,.85000002,4.25,5,3,16,12.5,.89999998,.93000001,.92000002,5.0500002,6,3,16,15.5,0,1,2914,.093812697,1,.252626,.1596074,.1174557,70500,3,32635,9,.019802609,-.094310649,11.163368,10.393141,7.977282,1,1,0,0
1.0599999,.81,2.45,4.25,,5,12.5,12.5,1.05,.83999997,2.4300001,5.0500002,4,5,12.5,26,0,2,2914,.093812697,1,.252626,.1596074,.1174557,70500,3,32635,9,.058268853,-.21072103,11.163368,10.393141,7.977282,1,0,1,0
.88999999,.86000001,.94999999,4.25,3,2,12.5,10,1,.85000002,.94999999,5.0500002,2,2,11.5,12.5,0,4,604,.061057199,1,.13808911,.111178,.11448,67100,3,35998,9,-.11653383,-.15082288,11.113939,10.491219,6.403574,1,0,0,0
.94999999,.85000002,2.45,4.25,3,5,12,13.5,1.05,.83999997,2.4300001,5.0500002,4,5,12.5,16,0,2,604,.061057199,1,.13808911,.111178,.11448,67100,3,35998,9,-.051293306,-.1625189,11.113939,10.491219,6.403574,1,0,1,0
1.0599999,.83999997,.88999999,4.25,2,3,15,15.5,1.05,.87,.81999999,5.0500002,7,3,16,21,0,1,788,.083442897,1,.1064563,.1088802,.13039009,84600,7,35488,9,.058268853,-.17435342,11.34569,10.47695,6.669498,1,1,0,0
1.02,.85000002,.81999999,4.25,4,3,15,11,1.05,.87,.81999999,5.0500002,4,3,16,13,1,1,788,.083442897,1,.1064563,.1088802,.13039009,84600,7,35488,9,.019802609,-.1625189,11.34569,10.47695,6.669498,1,1,0,0
1.02,.91000003,.63,4.5,3,4,11.5,10.5,1.01,.89999998,.63,5.0500002,4,4,11.5,10.5,0,3,788,.083442897,1,.1064563,.1088802,.13039009,84600,7,35488,9,.019802609,-.094310649,11.34569,10.47695,6.669498,1,0,0,1
1.0599999,.80000001,2.45,4.25,3,4,12.5,12.5,1.01,.80000001,2.4300001,5.1999998,2,4,12.5,17.5,0,2,788,.083442897,1,.1064563,.1088802,.13039009,84600,7,35488,9,.058268853,-.22314353,11.34569,10.47695,6.669498,1,0,1,0
1.09,1.0599999,.79000002,4.5,4,6,15,11.5,1.02,1.01,1.01,5.0500002,3,6,15,8.5,1,3,3208,.3597115,1,.60733253,.2838884,.54403299,66900,8,25671,1,.086177729,.058268853,11.110954,10.153117,8.0734034,1,0,0,1
1.0599999,1.0599999,1.02,4.75,4,6,16,14.5,.95999998,1.01,.94,5.0500002,4,6,15,14.5,1,3,3208,.3597115,1,.60733253,.2838884,.54403299,66900,8,25671,1,.058268853,.058268853,11.110954,10.153117,8.0734034,1,0,0,1
1.22,.93000001,.95999998,4.25,2,2,12,4,1.26,1.05,1.05,5.0500002,3,2,10.5,4,0,1,3208,.3597115,1,.60733253,.2838884,.54403299,66900,8,25671,1,.19885089,-.072570682,11.110954,10.153117,8.0734034,1,1,0,0
1.22,1.0599999,.93000001,4.25,3,3,11,7,1.26,1.05,1.02,5.0500002,3,3,10,4,0,1,3208,.3597115,1,.60733253,.2838884,.54403299,66900,8,25671,1,.19885089,.058268853,11.110954,10.153117,8.0734034,1,1,0,0
1.23,.98000002,2.6099999,4.75,3,3,12,8.5,1.11,.94999999,2.5899999,5.0500002,4,3,11.5,10,0,2,3208,.3597115,1,.60733253,.2838884,.54403299,66900,8,25671,1,.20701419,-.020202687,11.110954,10.153117,8.0734034,1,0,1,0
1.05,.79000002,.91000003,4.3699999,3,3,16,18.25,1.01,.92000002,.94,5.0500002,4,3,16,22.5,0,1,1037,.033971101,1,.160128,.059395701,.072302803,126700,2,50279,5,.04879012,-.2357223,11.749578,10.825343,6.944087,1,1,0,0
.94999999,,2.1300001,4.5,4,5,17,20,1.05,.94,.94,5.1500001,4,5,17,25,0,3,4167,.0292626,1,.069262698,.0289506,.058689602,146500,2,55949,17,-.051293306,,11.894781,10.932196,8.3349514,1,0,0,1
1.2,1.17,2.3499999,5,2,4,7,3,1.11,1.01,2.23,5.0500002,2,4,8,6,1,3,1204,.034968,1,.111835,.016036199,.0129725,204000,1,57672,18,.18232159,.15700372,12.225875,10.962527,7.0934048,1,0,0,1
1.0599999,.91000003,.95999998,4.75,3,2,14,13,1.05,1.01,.94,5.25,3,2,15,12.5,0,1,1155,.020202,1,.0146843,.020588201,.0177936,242900,1,69594,26,.058268853,-.094310649,12.400405,11.150434,7.0518556,1,1,0,0
.94999999,.92000002,.94999999,4.8699999,3,2,11.5,10.5,1,.85000002,.88999999,,2,2,11.5,11.5,0,4,2329,.0234192,1,.0657143,.083786398,.050610799,168900,4,41157,5,-.051293306,-.083381593,12.037062,10.62515,7.7531943,1,0,0,0
1.02,1.0599999,.94999999,4.25,3,,10.5,8.25,,,,,0,,,0,1,3,2329,.0234192,1,.0657143,.083786398,.050610799,168900,4,41157,5,.019802609,.058268853,12.037062,10.62515,7.7531943,1,0,0,1
1.02,.88,.81999999,4.25,4,3,15,10.25,1.04,.87,.87,5.0500002,3,3,15,13,0,1,2329,.0234192,1,.0657143,.083786398,.050610799,168900,5,41157,5,.019802609,-.12783338,12.037062,10.62515,7.7531943,1,1,0,0
1.0599999,.94999999,2.6600001,4.5,3,4,10,12.5,1.01,.94,2.75,5,3,4,11,7.5,0,2,2329,.0234192,1,.0657143,.083786398,.050610799,168900,5,41157,5,.058268853,-.051293306,12.037062,10.62515,7.7531943,1,0,1,0
1.0599999,1,2.02,4.3699999,4,6,17,10,1.05,.94,.94999999,5.0500002,4,6,17,21.5,0,3,11823,.1001861,1,.56955183,.20968559,.35217389,61900,1,27295,17,.058268853,0,11.033276,10.214458,9.3778019,1,0,0,1
.93000001,.82999998,.85000002,4.5,4,4,16,31,1.05,.79000002,.89999998,5.0500002,4,4,16,40,0,1,2198,.032280799,1,.073496401,.0336309,.096032001,112100,4,44598,17,-.072570682,-.1863296,11.627147,10.705444,7.695303,1,1,0,0
1,1,,4.5,4,5,17,17,1.05,1.01,.94,5.0500002,3,5,17,15.5,0,3,11823,.1001861,1,.073496401,.0336309,.096032001,112100,4,44598,17,0,0,11.627147,10.705444,9.3778019,1,0,0,1
1.0599999,.94999999,3.0899999,4.25,3,5,10,12.5,1.05,.94,2.75,5.0500002,3,5,11,7.5,0,2,11823,.1001861,1,.073496401,.0336309,.096032001,112100,4,44598,17,.058268853,-.051293306,11.627147,10.705444,9.3778019,1,0,1,0
1.09,.88999999,.91000003,4.25,4,3,16,25,1.05,.87,.94,5.0500002,3,3,16,24,0,1,2198,.032280799,1,.0190911,.038418598,.0678339,144700,5,51548,17,.086177729,-.11653383,11.882418,10.850268,7.695303,1,1,0,0
1.0599999,.85000002,2.49,5.1199999,2,6,11,14,1.05,.94,2.5999999,5.0500002,3,6,11,12.5,0,2,2198,.032280799,1,.0190911,.038418598,.0678339,144700,5,51548,17,.058268853,-.1625189,11.882418,10.850268,7.695303,1,0,1,0
,,,4.25,3,7,17,27.5,1.05,1,.63,5.0500002,5,7,17,27,0,3,2198,.032280799,1,.0190911,.038418598,.0678339,144700,5,51548,17,,,11.882418,10.850268,7.695303,1,0,0,1
1.04,.85000002,.85000002,4.25,4,3,16,25,.94,.87,.94,5.0500002,4,3,16,22.5,0,1,11823,.1001861,1,.0190911,.038418598,.0678339,144700,5,51548,17,.039220676,-.1625189,11.882418,10.850268,9.3778019,1,1,0,0
1.04,.67000002,.85000002,4.3699999,4,4,16,32,1.11,.92000002,1.01,5.0500002,4,4,16,16,0,1,2259,.0578616,1,.36888909,.1153317,.1982085,102600,3,37285,17,.039220676,-.40047753,11.538593,10.526346,7.7226777,1,1,0,0
1.02,.91000003,2.28,4.8000002,4,2,12,,1.01,1.01,.94,5.0500002,3,2,13,27.5,0,4,2259,.0578616,1,.36888909,.1153317,.1982085,102600,3,37285,17,.019802609,-.094310649,11.538593,10.526346,7.7226777,1,0,0,0
1.0599999,1,2.1300001,4.75,3,6,12.5,16,1.22,1.37,.88999999,5.0500002,4,6,13.5,20,0,3,1179,.0795362,1,.072693601,.0297103,.033530802,180200,3,62684,17,.058268853,0,12.101823,11.045861,7.072422,1,0,0,1
1.02,.98000002,.94999999,4.5999999,4,3,17,15.5,1.05,1.01,2,5.0500002,3,3,17,15,0,3,1179,.0795362,1,.072693601,.0297103,.033530802,180200,3,62684,17,.019802609,-.020202687,12.101823,11.045861,7.072422,1,0,0,1
1.02,.75,2.5599999,4.25,4,3,10,6,1.05,.80000001,2.54,5.0500002,3,3,10,8,0,2,1846,.061822899,1,.13626871,.1549544,.18344259,107900,3,36633,23,.019802609,-.28768209,11.58896,10.508705,7.5207763,1,0,1,0
1.04,.85000002,.91000003,4.5,5,3,16,19,1.05,.89999998,.94,5.0500002,5,3,16,27,0,1,331,.040231101,1,.13626871,.1549544,.18344259,107900,3,36633,23,.039220676,-.1625189,11.58896,10.508705,5.8021183,1,1,0,0
1.0599999,.80000001,2.5599999,4.25,4,3,10,19.5,1.05,.75,2.53,5.0500002,3,3,10,7,0,2,2518,.029696301,1,.0024945,.045376699,.071094103,134000,3,41129,23,.058268853,-.22314353,11.805595,10.624469,7.8312201,1,0,1,0
1.09,.94999999,1.04,5,3,3,16,13,1.11,1.01,1.05,5.5,6,3,16,18.5,1,1,2518,.029696301,1,.0024945,.045376699,.071094103,134000,3,41129,23,.086177729,-.051293306,11.805595,10.624469,7.8312201,1,1,0,0
1.23,,2.3,4.75,5,5,24,80,1.22,1.17,2.3199999,5.0500002,4,5,24,55,1,3,262,.0272345,1,.0045421999,.045602601,.040935699,127300,1,41525,23,.20701419,,11.754302,10.634051,5.5683446,1,0,0,1
1.0599999,.94,1.1,4.25,4,3,15,16.5,1.05,1.05,1.04,5.0500002,4,3,15,15,0,1,3240,.049382702,1,.086233698,.071837798,.114218,109400,2,32104,23,.058268853,-.061875407,11.602766,10.376736,8.0833282,1,1,0,0
1.0599999,.86000001,1.02,4.5,,3,15,7.5,1,.99000001,1.04,5.0500002,5,3,15,15,0,1,262,.0272345,1,.0013052,.034927201,.026936,130400,2,41759,23,.058268853,-.15082288,11.778362,10.63967,5.5683446,1,1,0,0
1.09,.94999999,1.03,4.25,4,3,15,13,1.11,1.01,1.05,5.0500002,3,3,15,17,1,1,4913,.033118799,1,.0060946001,.038038399,.077410102,160300,4,45907,23,.086177729,-.051293306,11.984802,10.734373,8.4996405,1,1,0,0
1.2,1.1799999,1.0599999,4.75,3,8,15,12,1.15,1.1,1.05,5.0500002,3,8,15,16,0,3,4913,.033118799,1,.0060946001,.038038399,.077410102,160300,4,45907,23,.18232159,.16551439,11.984802,10.734373,8.4996405,1,0,0,1
1.0599999,.80000001,2.5599999,4.25,4,3,10,10,1.05,.89999998,2.53,5.0500002,3,3,10,9.5,0,2,4913,.033118799,1,.0060946001,.038038399,.077410102,160300,4,45907,23,.058268853,-.22314353,11.984802,10.734373,8.4996405,1,0,1,0
1.0599999,1.01,2.6600001,4.5,3,3,10.5,6.5,1.05,1,2.75,5.0500002,3,3,10.5,5,0,2,1999,.031443499,1,0,.0401401,.049689401,311700,1,63278,19,.058268853,.0099503212,12.649796,11.055293,7.6004024,1,0,1,0
.94999999,.83999997,.94,4.6199999,3,2,11.5,50,1,.83999997,.94,5.0500002,3,2,12.5,16,0,4,1835,.046103898,1,.017352501,.1702234,.13884389,146100,2,29797,23,-.051293306,-.17435342,11.892047,10.302163,7.5147996,1,0,0,0
1.0599999,.80000001,2.5599999,5,5,3,10,12.5,1.05,.79000002,2.53,5.0500002,4,3,10,12,0,2,1835,.046103898,1,.0076008001,.0502619,.063958697,143500,6,46701,23,.058268853,-.22314353,11.87409,10.751521,7.5147996,1,0,1,0
1.09,.93000001,1.04,4.25,4,3,17,19,1.11,1.05,1.05,5.0500002,4,3,17,15,1,1,1835,.046103898,1,.0076008001,.0502619,.063958697,143500,6,46701,23,.086177729,-.072570682,11.87409,10.751521,7.5147996,1,1,0,0
1.12,1.02,1.02,5.5,3,5,12.5,17,1.11,1.01,1.05,5.0500002,3,5,12.5,17.5,0,1,1835,.046103898,1,.0076008001,.0502619,.063958697,143500,6,46701,23,.11332869,.019802609,11.87409,10.751521,7.5147996,1,1,0,0
1.0599999,.85000002,2.3399999,5,4,4,10,9,1.05,.83999997,2.53,5.0500002,4,4,10,3.5,1,2,970,.059416998,1,.011629,.0309036,.054089401,165800,1,52913,26,.058268853,-.1625189,12.018538,10.876405,6.877296,1,0,1,0
1.0599999,.91000003,1.04,4.25,3,2,15,13,1.16,.94,1.12,5.0500002,4,2,15,24,0,1,1962,.041586298,1,.023149701,.0225605,.038316,188400,8,63905,18,.058268853,-.094310649,12.146322,11.065153,7.5817199,1,1,0,0
1.1,1,.74000001,5.25,3,4,16,30,1.11,1,.88999999,5.0500002,4,4,16,16,0,3,1962,.041586298,1,.023149701,.0225605,.038316,188400,8,63905,18,.095310204,0,12.146322,11.065153,7.5817199,1,0,0,1
1.13,.98000002,1.04,4.5,3,3,16,16,1.05,1.05,1.05,5.0500002,4,3,16,15,1,1,1962,.041586298,1,.023149701,.0225605,.038316,188400,8,63905,18,.12221763,-.020202687,12.146322,11.065153,7.5817199,1,1,0,0
.91000003,.85000002,1.0599999,5.0500002,3,2,12.5,25,.94,.94,1.26,5.0500002,3,2,12.5,22.5,0,4,1962,.041586298,1,.023149701,.0225605,.038316,188400,8,63905,18,-.094310649,-.1625189,12.146322,11.065153,7.5817199,1,0,0,0
1.09,,.94999999,4.6199999,3,4,16,18,1.11,1.0599999,.94,5.0500002,3,4,16,19.75,0,3,1962,.041586298,1,.023149701,.0225605,.038316,188400,8,63905,18,.086177729,,12.146322,11.065153,7.5817199,1,0,0,1
,,,,4,5,12.5,20,1.16,1.0599999,1.05,5.0500002,3,5,11.5,20,0,3,1962,.041586298,1,.023149701,.0225605,.038316,188400,8,63905,18,,,12.146322,11.065153,7.5817199,1,0,0,1
1.12,1.0700001,1.1,4.25,5,,17,21.75,,,,,,,16,,1,3,2893,.041181799,1,.0646623,.038115799,.033686899,161200,4,51806,18,.11332869,.0676587,11.990401,10.855261,7.9700494,1,0,0,1
1.49,1.02,1.11,4.25,2,8,13,15.25,1.39,.94999999,1.21,5.0500002,3,8,13,28,0,1,2893,.041181799,1,.0646623,.038115799,.033686899,161200,4,51806,18,.39877611,.019802609,11.990401,10.855261,7.9700494,1,1,0,0
.91000003,.86000001,1.0599999,4.5,3,2,11.5,20,1,.94,1.05,5.6700001,5,2,11.5,22.5,0,4,2893,.041181799,1,.0646623,.038115799,.033686899,161200,4,51806,18,-.094310649,-.15082288,11.990401,10.855261,7.9700494,1,0,0,0
1.0599999,.94999999,1.01,,5,3,14.5,10,1.05,.94,1,5.0500002,4,3,14,17.5,0,1,2893,.041181799,1,.046423201,.022843599,.032205801,230100,2,65339,18,.058268853,-.051293306,12.34627,11.087344,7.9700494,1,1,0,0
1.12,1.0700001,1.0599999,4.75,2,5,17,14,1.11,1.0599999,2.1099999,5.0500002,3,5,15,13,1,3,3784,.0308694,1,.044303801,.0263239,.0510308,156200,1,50884,18,.11332869,.0676587,11.958893,10.837304,8.2385368,1,0,0,1
1.12,1.0700001,1,4.5,3,5,18,19.75,1.11,1.0599999,1.05,5.0500002,4,5,16,21,1,3,2893,.041181799,1,.017508499,.059248202,.080602497,174100,1,51781,13,.11332869,.0676587,12.067385,10.854778,7.9700494,1,0,0,1
1.02,.91000003,1.0599999,4.75,4,2,12.5,17.5,1.05,.83999997,1.34,5.0500002,3,2,12.5,22.5,0,4,4656,.031708799,1,.062687598,.0301999,.075814597,171100,1,56442,18,.019802609,-.094310649,12.050003,10.940969,8.4459124,1,0,0,0
1.02,.91000003,2.5699999,5.5,4,2,13,14,.94999999,.88999999,1.1900001,5.0500002,6,2,12.5,27.5,0,4,2491,.031982001,1,.1732801,.028835701,.032743599,169600,4,56126,18,.019802609,-.094310649,12.041198,10.935354,7.8204393,1,0,0,0
1.03,1.0599999,2.5599999,5.25,3,4,11,12,1,1.05,2.6400001,5.0500002,5,4,12.5,13.5,0,2,2491,.031982001,1,.1732801,.028835701,.032743599,169600,4,56126,18,.029558774,.058268853,12.041198,10.935354,7.8204393,1,0,1,0
1.0599999,.94999999,1.01,4.75,4,4,16,22.5,1.05,.94,1,5.0500002,4,4,,25,0,1,2491,.031982001,1,.1732801,.028835701,.032743599,169600,4,56126,18,.058268853,-.051293306,12.041198,10.935354,7.8204393,1,1,0,0
.94999999,.94999999,1.0599999,5.5,2,,12.5,,,,,5.5,5,,12,23.5,0,4,2491,.031982001,1,.1732801,.028835701,.032743599,169600,4,56126,18,-.051293306,-.051293306,12.041198,10.935354,7.8204393,1,0,0,0
1.0599999,.94999999,1,,4,3,16,11,1.05,.89999998,.98000002,5.0500002,5,3,16,22,0,1,1474,.0289509,1,.031999499,.021368699,.054012898,166100,2,55852,18,.058268853,-.051293306,12.020346,10.930461,7.2957349,1,1,0,0
.91000003,.85000002,2.3399999,4.5,4,4,12.5,15,1.01,1.01,2.49,5.0500002,2,4,12,7.5,0,2,9223,.072723798,1,.1120184,.14648239,.25278991,126100,3,33462,18,-.094310649,-.1625189,11.74483,10.418166,9.1294556,1,0,1,0
1.0599999,1.0599999,1.0599999,5.5,4,5,17,27.5,1.05,1.11,1.05,5.0500002,3,5,15,19,0,3,9223,.072723798,1,.1120184,.14648239,.25278991,126100,3,33462,18,.058268853,.058268853,11.74483,10.418166,9.1294556,1,0,0,1
1.05,.94999999,.98000002,4.25,5,3,17,25,.98000002,.81999999,.75999999,5.0500002,6,3,17.5,20,0,1,5433,.019293001,1,.0118853,.0750053,.126871,108900,2,38782,29,.04879012,-.051293306,11.598186,10.565712,8.6002464,1,1,0,0
.94999999,.94999999,1.0599999,5.3699999,3,,11.5,15,,,,,,,,,0,4,2108,.033956401,1,.0425708,.0235555,.071563803,153400,2,51471,18,-.051293306,-.051293306,11.940804,10.848774,7.6534948,1,0,0,0
1.0700001,.94999999,.94999999,4.75,5,3,16,17.5,1.11,.94,.94,5.25,4,3,16.5,40,0,1,912,.042566601,1,.2369736,.037370302,.048229601,164000,2,60173,26,.0676587,-.051293306,12.007622,11.004979,6.81564,1,1,0,0
1.28,1.0599999,2.3,4.5,5,2,24,30,,,,5.5,3,2,14,25,1,3,2108,.033956401,1,.018886,.062384699,.098329097,136200,1,44987,18,.24686006,.058268853,11.821879,10.714128,7.6534948,1,0,0,1
1.0599999,.85000002,2.3399999,5,2,3,11,10.25,1.05,.79000002,2.3199999,5.0500002,2,3,11,11,1,2,2607,.048806202,1,.1092738,.026908601,.053439099,177600,2,57139,18,.058268853,-.1625189,12.087289,10.953242,7.8659554,1,0,1,0
1.0599999,.94999999,1.0599999,4.75,4,4,17,32.5,1.05,.94999999,1.01,5.0500002,4,4,17,13.5,0,1,2607,.048806202,1,.1092738,.026908601,.053439099,177600,2,57139,18,.058268853,-.051293306,12.087289,10.953242,7.8659554,1,1,0,0
.98000002,.83999997,.83999997,4.25,7,6,16.5,25.5,.98000002,.83999997,.86000001,4.25,7,6,16.5,18.5,0,1,2748.2,.0532673,2,.021890899,.071581498,.079914898,122800,4,43886,15,-.020202687,-.17435342,11.718312,10.689351,7.9187016,0,1,0,0
.98000002,.81999999,.80000001,4.25,7,3,16.5,20,.98000002,.81999999,.87,4.25,6,3,17.5,19.5,0,1,2748.2,.0532673,2,.021890899,.071581498,.079914898,122800,4,43886,15,-.020202687,-.19845095,11.718312,10.689351,7.9187016,0,1,0,0
1.01,.88999999,3.5,4.5,3,4,12,11,1.01,.88999999,2.3499999,4.75,3,4,13,14,0,2,2748.2,.0532673,2,.0144756,.065237403,.1179583,87800,1,36388,15,.0099503212,-.11653383,11.382816,10.501994,7.9187016,0,0,1,0
.98000002,.81999999,.85000002,4.25,6,3,16.5,13.5,.94,.77999997,.91000003,4.25,6,3,17.5,21,0,1,6451.4629,.057880599,2,.042776499,.0727119,.1171368,104400,2,37883,22,-.020202687,-.19845095,11.555984,10.542257,8.7720623,0,1,0,0
.87,.76999998,.94999999,5,5,3,12,15.5,,.83999997,1.79,,,3,12,,1,4,6451.4629,.057880599,2,.042776499,.0727119,.1171368,104400,4,37883,22,-.13926207,-.26136479,11.555984,10.542257,8.7720623,0,0,0,0
.87,.79000002,.89999998,4.6700001,3,2,12,35,1.01,.77999997,.89999998,4.5,4,2,12,16,1,4,4011.429,.0257301,2,.0073234998,.036079898,.071786799,111400,2,42350,15,-.13926207,-.2357223,11.620883,10.653724,8.2969027,0,0,0,0
1.05,.86000001,.86000001,4.5,,3,17,32.5,1.05,.86000001,.86000001,4.25,2,3,18,22.5,0,1,854.40002,.0114767,2,.0084183002,.036921699,.016476599,141500,1,50099,15,.04879012,-.15082288,11.860055,10.821756,6.7503996,0,1,0,0
.87,.76999998,1.65,5.5,5,2,12,19,1.01,.83999997,.94999999,4.75,6,2,12,29.5,1,4,1763.923,.058348998,2,.0133469,.051029101,.084777199,98500,4,38465,15,-.13926207,-.26136479,11.497812,10.557504,7.4752955,0,0,0,0
1.01,.88999999,2.3499999,4.25,3,5,13,7.5,1,.88999999,2.3499999,4.25,3,5,13,13.5,0,2,1763.923,.058348998,2,.0133469,.051029101,.084777199,98500,4,38465,15,.0099503212,-.11653383,11.497812,10.557504,7.4752955,0,0,1,0
1.03,1.03,.51999998,,3,4,16.5,37.5,1.03,,.94,4.3000002,3,4,16.5,21,0,1,687.66699,.053191502,2,.0036328,.058147699,.033773299,105000,2,35812,22,.029558774,.029558774,11.561716,10.486038,6.5333047,0,1,0,0
1.03,.73000002,.51999998,4.25,2,4,17.5,17,1.05,,.63,,3,4,16.5,12.5,0,1,2122.3081,.0177601,2,0,.088743299,.0120482,112300,1,38844,22,.029558774,-.31471071,11.628929,10.567309,7.6602597,0,1,0,0
.94,.74000001,.86000001,4.25,5,2,11.5,20,.98000002,.83999997,.86000001,4.25,5,2,12,20,0,4,6045.2568,.060155801,2,.153981,.3404654,.54323572,49300,2,18963,15,-.061875407,-.30110508,10.805679,9.8502445,8.7070293,0,0,0,0
.91000003,.88999999,.81,4.25,3,2,10.5,7.5,1.01,.83999997,.86000001,4.25,4,2,10.5,8,0,4,6045.2568,.060155801,2,.153981,.3404654,.54323572,49300,2,18963,15,-.094310649,-.11653383,10.805679,9.8502445,8.7070293,0,0,0,0
.98000002,.82999998,.86000001,4.5,5,3,16.5,19,.94,,,4.25,5,3,16.5,11,0,1,6045.2568,.060155801,2,.034385301,.082159199,.094099402,91000,7,36871,15,-.020202687,-.1863296,11.418614,10.515181,8.7070293,0,1,0,0
1.01,.83999997,.63,4.25,3,4,14,16,.98000002,.79000002,.87,4.3800001,5,4,14,20,0,1,6045.2568,.060155801,2,.034385301,.082159199,.094099402,91000,7,36871,15,.0099503212,-.17435342,11.418614,10.515181,8.7070293,0,1,0,0
.87,.76999998,1.01,4.75,3,2,12,20.5,1.04,.83999997,.94,4.5,4,2,12,14,1,4,6045.2568,.060155801,2,.034385301,.082159199,.094099402,91000,7,36871,15,-.13926207,-.26136479,11.418614,10.515181,8.7070293,0,0,0,0
.98000002,.82999998,.86000001,4.25,6,3,16,12,.98000002,.75,.86000001,4.25,2,3,17.5,17,0,1,6045.2568,.060155801,2,.034385301,.082159199,.094099402,91000,7,36871,15,-.020202687,-.1863296,11.418614,10.515181,8.7070293,0,1,0,0
1.01,.89999998,2.3499999,,4,4,13,9.75,1.01,.88999999,2.3499999,4.4499998,4,4,13,7.5,0,2,6045.2568,.060155801,2,.034385301,.082159199,.094099402,91000,7,36871,15,.0099503212,-.10536055,11.418614,10.515181,8.7070293,0,0,1,0
.87,.81999999,1.79,5,4,2,12,30,.92000002,.79000002,.87,5.25,2,2,12,18,1,4,6045.2568,.060155801,2,.011649,.032156199,.079729803,114100,2,46197,15,-.13926207,-.19845095,11.644831,10.74067,8.7070293,0,0,0,0
1,.87,.94,4.3499999,4,3,16,17,1,.74000001,.94999999,4.25,3,3,16,14.5,0,1,4219.4922,.022936299,2,.0026857001,.1216933,.1995164,44200,3,27960,16,0,-.13926207,10.69648,10.23853,8.3474703,0,1,0,0
.94999999,.73000002,.80000001,4.25,4,3,16,25,.94,.74000001,.74000001,,4,3,16,21,0,1,374.7337,.0118427,2,.001853,.0877029,.12857141,65700,2,34384,14,-.051293306,-.31471071,11.092854,10.445347,5.9262156,0,1,0,0
.88999999,.79000002,2.01,4.25,3,2,11.5,12.5,1,.80000001,1.8,,3,2,11.5,15,0,4,3217.0591,.012068,2,.0021295,.034684502,.0511178,108900,2,43847,14,-.11653383,-.2357223,11.598186,10.688461,8.0762224,0,0,0,0
.88999999,.76999998,.83999997,4.25,3,2,11.5,35,1,.80000001,1.8099999,4.25,3,2,11.5,15,0,4,2280.7261,.034947999,2,0,.109913,.2226584,55700,2,27759,14,-.11653383,-.26136479,10.927735,10.231316,7.7322493,0,0,0,0
.94999999,.75,,4.25,5,3,16,40,.94999999,.80000001,.80000001,4.25,4,3,16,33.5,0,1,2280.7261,.034947999,2,0,.109913,.2226584,55700,2,27759,14,-.051293306,-.28768209,10.927735,10.231316,7.7322493,0,1,0,0
.88999999,.79000002,1.8,4.25,4,2,11.5,13.5,1,.80000001,1.8099999,4.3499999,4,2,11.5,15,0,4,2280.7261,.0051802001,2,.0106243,.1832357,.1993483,49300,3,26355,14,-.11653383,-.2357223,10.805679,10.179413,7.7322493,0,0,0,0
.88999999,.80000001,.83999997,4.25,3,2,12.5,22,.88999999,,.79000002,4.5,4,2,11.5,27.5,0,4,2280.7261,.034947999,2,.021616399,.1457786,.22919489,64500,1,32218,14,-.11653383,-.22314353,11.074421,10.38028,7.7322493,0,0,0,0
.94,.74000001,.79000002,4.5,5,3,16,47.5,.94,.74000001,.79000002,5.0500002,4,3,16,30,0,1,10336.67,.020832,2,0,.10523,.18558989,66400,2,30734,14,-.061875407,-.30110508,11.103453,10.333125,9.243453,0,1,0,0
.94999999,.75,.79000002,4.25,3,3,15.5,19.75,.94,.74000001,.79000002,4.25,5,3,15.5,16,0,1,2280.7261,.034947999,2,.0028299999,.074892402,.1423832,69500,1,30833,14,-.051293306,-.28768209,11.149082,10.336341,7.7322493,0,1,0,0
1.01,.83999997,2.4300001,4.25,3,2,8,4.5,.94999999,.83999997,2.4300001,4.25,3,2,9,6.5,0,2,370.70001,.0168951,2,.0023693,.127441,.1819918,52200,1,29091,16,.0099503212,-.17435342,10.862838,10.278184,5.9153934,0,0,1,0
.94999999,.75,.80000001,4.25,4,3,15,32.5,.91000003,.73000002,.75,4.25,3,3,16,24,0,1,370.70001,.0144537,2,0,.0849315,.1234234,66600,2,33696,16,-.051293306,-.28768209,11.10646,10.425135,5.9153934,0,1,0,0
,,.51999998,4.25,3,4,16.5,12.5,.41,.83999997,.88999999,4.4000001,8,4,16,6,0,1,1139,.0359965,2,.0145094,.063753203,.0758323,74800,2,32161,16,,,11.222573,10.37851,7.0379062,0,1,0,0
1.05,1.01,.94,5,3,5,15,18,.95999998,1.01,1.01,5,3,5,16,18,0,3,4783.75,.0104521,2,.0089542,.0042980001,.0071391999,172700,2,59721,20,.04879012,.0099503212,12.059311,10.997439,8.4729805,0,0,0,1
1.05,.89999998,2.01,5,3,3,16,33,1.02,1.01,.83999997,4.9000001,4,3,16,15,1,3,4520.5,.030748799,2,.0103555,.0429921,.062505998,115700,3,40831,4,.04879012,-.10536055,11.658756,10.617197,8.416378,0,0,0,1
.97000003,.86000001,.91000003,4.5,4,3,19,44.5,1.01,.88,.91000003,4.3499999,4,3,18,23,0,1,4520.5,.030748799,2,.0103555,.0429921,.062505998,115700,3,40831,4,-.030459179,-.15082288,11.658756,10.617197,8.416378,0,1,0,0
.94,.73000002,2.3199999,5,2,4,10,7,.89999998,.73000002,2.3199999,5,2,4,10.5,6.5,1,2,2856.1111,.0060350001,2,.00089169998,.011649,.0118074,209900,1,66147,4,-.061875407,-.31471071,12.254387,11.099635,7.9572163,0,0,1,0
.94999999,.79000002,.91000003,4.25,3,3,18,21,.95999998,.83999997,1.1799999,4.75,3,3,18,20,0,1,4996.667,.024849899,2,.0094937002,.050499499,.080919899,116300,2,38788,20,-.051293306,-.2357223,11.663928,10.565866,8.5165262,0,1,0,0
.94999999,.74000001,2.3299999,,2,4,10,6.5,.94999999,.74000001,2.3299999,5,4,4,11,6.5,1,2,1412.9,.0107989,2,.0078889998,.024631999,.0480313,174100,2,59286,4,-.051293306,-.30110508,12.067385,10.990129,7.2533998,0,0,1,0
,,,4.8699999,3,3,18,12.5,.97000003,.83999997,.73000002,5,5,3,18,22.5,0,1,6546.25,.056616399,2,.1215625,.1088358,.1377158,86900,2,35537,4,,,11.372514,10.47833,8.7866478,0,1,0,0
.94,.89999998,.94,4.5,3,6,16,15,.94999999,.94999999,1.05,4.25,3,6,16,31,0,3,1412.9,.0107989,2,.037074599,.026315801,.056632999,144800,1,55759,20,-.061875407,-.10536055,11.883109,10.928794,7.2533998,0,0,0,1
1.05,1.01,1.11,5,3,6,12.5,12.5,1.01,1.01,.88999999,4.75,4,6,12,13.5,1,3,2946.7529,.051795602,2,.054451399,.050263401,.0707113,117600,3,43570,4,.04879012,.0099503212,11.675044,10.682124,7.9884591,0,0,0,1
.94,.73000002,2.53,4.5,3,4,10,5.5,.94,.73000002,2.6400001,5,5,4,11,9,1,2,896.5,.0060350001,2,.0166479,.050449401,.087726697,114500,2,46296,4,-.061875407,-.31471071,11.64833,10.742811,6.7984982,0,0,1,0
1.05,.91000003,1.05,4.75,3,5,16,17.25,1.01,.94999999,.88999999,4.9099998,2,5,14,8,1,3,1412.9,.0107989,2,.0145029,.092865497,.078419097,158700,2,54084,20,.04879012,-.094310649,11.974771,10.898293,7.2533998,0,0,0,1
1.05,.91000003,1.05,4.25,4,5,16,19.5,1.05,1.01,,,3,5,15,11.25,1,3,1412.9,.0107989,2,.0577932,.038141798,.071513399,123100,2,48141,20,.04879012,-.094310649,11.720753,10.78189,7.2533998,0,0,0,1
.83999997,.83999997,.94,4.25,3,3,16.5,21.5,1.03,.91000003,.91000003,4.75,6,3,18,37.5,0,1,1412.9,.0107989,2,.0577932,.038141798,.071513399,123100,2,48141,20,-.17435342,-.17435342,11.720753,10.78189,7.2533998,0,1,0,0
1.05,.94999999,1.16,5,3,3,16,11,1,1.01,.94,4.25,3,3,15.5,10.5,1,3,4954,.0205894,2,.0092422999,.0341204,.058550499,131200,2,45772,20,.04879012,-.051293306,11.784478,10.731428,8.5079508,0,0,0,1
1.05,.94,1.16,5,4,5,16,15,1.01,1.01,.94,4.75,3,5,16,14.5,1,3,1289.006,.0198712,2,.044239599,.0142377,.0335069,136400,2,49038,20,.04879012,-.061875407,11.823347,10.800351,7.1616268,0,0,0,1
.97000003,.81999999,.83999997,4.75,3,3,16.5,12.5,.91000003,.83999997,.86000001,4.75,3,3,18,31.5,0,1,5406,.0060350001,2,.0267276,.042245802,.062827699,159400,4,51489,4,-.030459179,-.19845095,11.979172,10.849123,8.5952644,0,1,0,0
1.04,.88,.94,5,3,3,18,67.5,1.04,.86000001,.94,4.75,5,3,18,24,0,1,896.5,.0060350001,2,.052367799,.040337,.045286801,133100,3,46886,4,.039220676,-.12783338,11.798856,10.755474,6.7984982,0,1,0,0
1.05,.83999997,.95999998,5,5,6,24,18.5,1.11,.83999997,.94,5,6,6,24,30.5,0,1,896.5,.0060350001,2,.052367799,.040337,.045286801,133100,3,46886,4,.04879012,-.17435342,11.798856,10.755474,6.7984982,0,1,0,0
.97000003,.83999997,.91000003,4.75,4,3,18,17,.95999998,.82999998,.87,4.5,3,3,18,21.5,0,1,896.5,.0060350001,2,.0115231,.030879701,.035489801,102500,1,45160,4,-.030459179,-.17435342,11.537618,10.717967,6.7984982,0,1,0,0
.73000002,.73000002,2.3199999,5.25,5,4,10,6,.94,.83999997,2.3199999,5,2,4,11,9,1,2,896.5,.0060350001,2,.022144901,.041347802,.0355017,95800,2,40648,4,-.31471071,-.31471071,11.470018,10.612705,6.7984982,0,0,1,0
1.03,.83999997,.94,4.5,3,4,18,,.97000003,.83999997,.91000003,5,4,4,18,19,0,1,896.5,.0060350001,2,.0084763002,.034906998,.036808599,119800,2,46705,4,.029558774,-.17435342,11.693579,10.751607,6.7984982,0,1,0,0
.94,.80000001,.94,4.75,4,2,11.5,16.75,.94,,,,3,2,11.5,20,0,4,896.5,.0060350001,2,.061870199,.044620801,.038440801,98700,2,43047,4,-.061875407,-.22314353,11.49984,10.670048,6.7984982,0,0,0,0
1.05,.89999998,.94,4.25,3,4,16,15,1.01,1.01,.88999999,4.3499999,5,4,15,10,1,3,896.5,.0060350001,2,,,,,1,,4,.04879012,-.10536055,,,6.7984982,0,0,0,1
.97000003,.83999997,.91000003,4.75,4,3,16.5,14.5,.97000003,.83999997,1,4.5,3,3,18,38.25,0,1,1412.9,.0107989,2,.1210589,.035912201,.0555331,125100,2,45763,20,-.030459179,-.17435342,11.736869,10.731231,7.2533998,0,1,0,0
1.01,.91000003,1.05,4.75,3,6,16.5,12,1.01,1.01,.88999999,4.75,3,6,15,9.5,1,3,3634.4871,.0329994,2,.1210589,.035912201,.0555331,125100,2,45763,20,.0099503212,-.094310649,11.736869,10.731231,8.1982231,0,0,0,1
.91000003,.83999997,.85000002,4.75,3,2,12,25,.98000002,.83999997,.89999998,5,3,2,12,23.75,1,4,8844,.0697487,2,.1855296,.070777103,.1661133,96300,6,40370,20,-.094310649,-.17435342,11.475224,10.605843,9.0874949,0,0,0,0
.94999999,.74000001,2.53,5.25,3,3,10,13.75,.74000001,.73000002,2.53,5,3,3,11,17,1,2,8844,.0697487,2,.1855296,.070777103,.1661133,96300,6,40370,20,-.051293306,-.30110508,11.475224,10.605843,9.0874949,0,0,1,0
.92000002,.72000003,.95999998,5,5,3,18,21.5,.92000002,.81,.87,4.5,4,3,18,26.5,0,1,8844,.0697487,2,.1855296,.070777103,.1661133,96300,6,40370,20,-.083381593,-.32850403,11.475224,10.605843,9.0874949,0,1,0,0
1.05,.79000002,1.01,5,3,5,16,26.5,1.01,1.01,.94,4.75,3,5,15,12.5,0,3,2273.3899,.0310892,2,.1855296,.070777103,.1661133,96300,6,40370,20,.04879012,-.2357223,11.475224,10.605843,7.7290273,0,0,0,1
.89999998,.69,1.75,5,5,2,12,14,.89999998,.69,.94,5,5,2,12,15.5,1,4,6171.4292,.0697487,2,.0393387,.023751199,.0369079,142200,3,53087,20,-.10536055,-.37106368,11.86499,10.879687,8.7276859,0,0,0,0
1.05,1.01,1.05,5,4,5,16,16.25,1.01,1.01,1.05,5,3,5,16,11,1,3,13176,.0697487,2,.0393387,.023751199,.0369079,142200,3,53087,20,.04879012,.0099503212,11.86499,10.879687,9.4861526,0,0,0,1
.94,.73000002,2.3199999,5,1,4,10,8.5,.94999999,.74000001,2.3299999,4.75,3,4,11,10.5,1,2,6171.4292,.0697487,2,.0055684,.066641003,.2069127,87200,1,35453,20,-.061875407,-.31471071,11.375959,10.475964,8.7276859,0,0,1,0
1.13,.98000002,1.01,5,3,3,12.5,10.5,1.09,.94,.94,4.5,3,3,13,15,0,1,1412.9,.0107989,2,.0302522,.0251859,.036811899,141400,4,54252,20,.12221763,-.020202687,11.859348,10.901395,7.2533998,0,1,0,0
1.11,.91000003,.94999999,5,2,6,11.5,13,1.05,1.01,.94,4.75,3,6,11,16,1,3,1412.9,.0107989,2,.0302522,.0251859,.036811899,141400,4,54252,20,.10436003,-.094310649,11.859348,10.901395,7.2533998,0,0,0,1
.97000003,.83999997,.94,5.5,3,3,18,25.5,1.03,.83999997,.94,4.75,3,3,18,23,0,1,8844,.0697487,2,.047533099,.019863401,.0228396,220800,1,70037,20,-.030459179,-.17435342,12.305013,11.156779,9.0874949,0,1,0,0
.94999999,.94,.94999999,5,3,4,18,55,.97000003,.83999997,.86000001,5,4,4,18,25,0,1,7379.0908,.0368363,2,.056806698,.065327004,.1163294,103000,3,37830,20,-.051293306,-.061875407,11.542484,10.540857,8.9064054,0,1,0,0
1.05,.91000003,.94999999,4.5,2,,13,16.5,,,,,0,,,0,0,3,4783.75,.0104521,2,.033834599,.036649201,0,196300,1,83379,20,.04879012,-.094310649,12.187399,11.331152,8.4729805,0,0,0,1
.97000003,1.05,.91000003,4.25,3,3,16.5,38.5,.95999998,.83999997,.91000003,4.9000001,3,3,17,20.5,0,1,5679.6548,.032481302,2,.022458499,.02757,.067283601,141800,5,51025,20,-.030459179,.04879012,11.862173,10.840071,8.6446457,0,1,0,0
1.05,1.01,.94,5,2,6,14,16.5,1.01,1.01,1.05,4.25,3,6,11.5,11.5,0,3,5679.6548,.032481302,2,.022458499,.02757,.067283601,141800,5,51025,20,.04879012,.0099503212,11.862173,10.840071,8.6446457,0,0,0,1
.91000003,.83999997,.83999997,4.5,3,2,12,19.5,1.01,.89999998,.79000002,,5,2,12,,1,4,5679.6548,.032481302,2,.022458499,.02757,.067283601,141800,5,51025,20,-.094310649,-.17435342,11.862173,10.840071,8.6446457,0,0,0,0
1.05,.89999998,.73000002,5,3,,16,17.5,1.01,1.01,.88999999,4.75,3,,16,15,1,3,4098.9189,.0298694,2,.034672499,.0077434001,.025435099,102300,1,42298,8,.04879012,-.10536055,11.535665,10.652495,8.3184786,0,0,0,1
.97000003,.77999997,.99000001,4.25,4,3,16.5,22,.95999998,.83999997,.88999999,6.25,4,3,17,16,0,1,4098.9189,.0298694,2,.039269298,.036404502,.076105997,121600,3,46988,8,-.030459179,-.2484614,11.708492,10.757648,8.3184786,0,1,0,0
.94999999,.74000001,2.3299999,4.5,3,4,10,5.5,1.01,.73000002,2.3199999,4.5,3,4,11,10,1,2,4098.9189,.0298694,2,.039269298,.036404502,.076105997,121600,3,46988,8,-.051293306,-.30110508,11.708492,10.757648,8.3184786,0,0,1,0
1.11,1.05,.94,4.5,3,2,12.5,10,1.11,1.11,1.05,4.5,2,2,12.5,11.5,1,3,1412.9,.0107989,2,.029727699,.016754299,.035946101,154200,2,54632,20,.10436003,.04879012,11.946006,10.908375,7.2533998,0,0,0,1
.94999999,.74000001,2.3299999,4.75,3,4,10,8,.94999999,.83999997,2.53,4.25,3,4,11,8,1,2,4309.02,.025748899,2,.0588402,.057362098,.1006929,98200,4,40585,20,-.051293306,-.30110508,11.494761,10.611154,8.3684654,0,0,1,0
.97000003,.83999997,.91000003,4.25,4,3,18,35,.97000003,.86000001,.91000003,4.25,3,3,18,23.5,0,1,4309.02,.025748899,2,.0588402,.057362098,.1006929,98200,4,40585,20,-.030459179,-.17435342,11.494761,10.611154,8.3684654,0,1,0,0
.97000003,.86000001,.88999999,4.75,4,3,17,18.5,.97000003,.83999997,.86000001,4.5,2,3,17,33.5,0,1,4309.02,.025748899,2,.0588402,.057362098,.1006929,98200,4,40585,20,-.030459179,-.15082288,11.494761,10.611154,8.3684654,0,1,0,0
1.02,.88999999,.89999998,4.5,3,3,15,29,1.02,.94,.89999998,4.5,3,3,15,18,0,1,452.39999,.0080904998,2,.0010225,.0251025,.071324602,118700,2,37477,3,.019802609,-.11653383,11.684355,10.531483,6.1145668,0,1,0,0
